1 1.000000 1.000000
2 1.000000 1.000000
3 0.666667 0.666667
4 0.500000 0.750000
5 0.600000 0.800000
6 0.500000 0.666667
7 0.428571 0.714286
8 0.500000 0.625000
9 0.444444 0.666667
10 0.500000 0.700000
11 0.454545 0.727273
12 0.416667 0.750000
13 0.384615 0.769231
14 0.428571 0.714286
15 0.466667 0.733333
16 0.437500 0.750000
17 0.470588 0.764706
18 0.444444 0.722222
19 0.421053 0.736842
20 0.400000 0.700000
21 0.380952 0.714286
22 0.363636 0.681818
23 0.347826 0.695652
24 0.375000 0.708333
25 0.360000 0.720000
26 0.346154 0.692308
27 0.333333 0.703704
28 0.321429 0.714286
29 0.344828 0.724138
30 0.333333 0.700000
31 0.354839 0.709677
32 0.375000 0.718750
33 0.363636 0.727273
34 0.382353 0.735294
35 0.371429 0.742857
36 0.361111 0.722222
37 0.378378 0.729730
38 0.368421 0.736842
39 0.384615 0.743590
40 0.400000 0.750000
41 0.390244 0.756098
42 0.380952 0.761905
43 0.372093 0.767442
44 0.386364 0.750000
45 0.400000 0.755556
46 0.413043 0.760870
47 0.425532 0.765957
48 0.416667 0.770833
49 0.428571 0.775510
50 0.440000 0.760000
51 0.450980 0.764706
52 0.461538 0.769231
53 0.452830 0.773585
54 0.462963 0.777778
55 0.472727 0.763636
56 0.464286 0.750000
57 0.456140 0.754386
58 0.448276 0.758621
59 0.457627 0.762712
60 0.466667 0.750000
61 0.475410 0.754098
62 0.467742 0.758065
63 0.476190 0.761905
64 0.484375 0.765625
65 0.476923 0.769231
66 0.469697 0.772727
67 0.477612 0.776119
68 0.470588 0.764706
69 0.478261 0.753623
70 0.485714 0.757143
71 0.492958 0.760563
72 0.486111 0.763889
73 0.493151 0.767123
74 0.500000 0.770270
75 0.506667 0.760000
76 0.513158 0.763158
77 0.519481 0.766234
78 0.512821 0.769231
79 0.518987 0.759494
80 0.525000 0.762500
81 0.518519 0.765432
82 0.524390 0.756098
83 0.518072 0.746988
84 0.511905 0.750000
85 0.505882 0.741176
86 0.511628 0.744186
87 0.505747 0.747126
88 0.500000 0.750000
89 0.505618 0.752809
90 0.511111 0.755556
91 0.505495 0.758242
92 0.510870 0.760870
93 0.516129 0.763441
94 0.510638 0.765957
95 0.505263 0.768421
96 0.500000 0.770833
97 0.505155 0.762887
98 0.500000 0.765306
99 0.494949 0.757576
100 0.490000 0.750000
101 0.495050 0.752475
102 0.490196 0.754902
103 0.495146 0.757282
104 0.490385 0.759615
105 0.495238 0.761905
106 0.490566 0.764151
107 0.485981 0.766355
108 0.490741 0.759259
109 0.495413 0.752294
110 0.500000 0.745455
111 0.495495 0.738739
112 0.491071 0.732143
113 0.495575 0.734513
114 0.491228 0.728070
115 0.486957 0.721739
116 0.482759 0.715517
117 0.478632 0.717949
118 0.483051 0.720339
119 0.487395 0.722689
120 0.491667 0.716667
121 0.487603 0.710744
122 0.483607 0.704918
123 0.479675 0.707317
124 0.475806 0.709677
125 0.480000 0.712000
126 0.476190 0.714286
127 0.472441 0.716535
128 0.476563 0.718750
129 0.480620 0.713178
130 0.484615 0.715385
131 0.488550 0.717557
132 0.492424 0.719697
133 0.488722 0.721805
134 0.485075 0.723881
135 0.481481 0.725926
136 0.485294 0.720588
137 0.489051 0.715328
138 0.492754 0.710145
139 0.496403 0.705036
140 0.500000 0.707143
141 0.503546 0.709220
142 0.507042 0.711268
143 0.503497 0.713287
144 0.506944 0.715278
145 0.510345 0.717241
146 0.506849 0.719178
147 0.510204 0.721088
148 0.513514 0.722973
149 0.516779 0.718121
150 0.520000 0.713333
151 0.516556 0.715232
152 0.513158 0.717105
153 0.516340 0.718954
154 0.512987 0.720779
155 0.509677 0.722581
156 0.506410 0.724359
157 0.509554 0.726115
158 0.512658 0.721519
159 0.515723 0.716981
160 0.512500 0.712500
161 0.515528 0.714286
162 0.518519 0.716049
163 0.521472 0.717791
164 0.518293 0.719512
165 0.521212 0.721212
166 0.518072 0.716867
167 0.514970 0.718563
168 0.511905 0.720238
169 0.508876 0.715976
170 0.511765 0.711765
171 0.514620 0.713450
172 0.511628 0.715116
173 0.508671 0.716763
174 0.511494 0.718391
175 0.514286 0.714286
176 0.511364 0.715909
177 0.508475 0.711864
178 0.511236 0.713483
179 0.513966 0.715084
180 0.516667 0.716667
181 0.513812 0.712707
182 0.516484 0.714286
183 0.519126 0.715847
184 0.516304 0.717391
185 0.513514 0.718919
186 0.510753 0.720430
187 0.508021 0.721925
188 0.505319 0.718085
189 0.507937 0.714286
190 0.505263 0.715789
191 0.502618 0.717277
192 0.500000 0.713542
193 0.497409 0.715026
194 0.494845 0.716495
195 0.492308 0.717949
196 0.494898 0.714286
197 0.497462 0.710660
198 0.494949 0.707071
199 0.492462 0.708543
200 0.495000 0.710000
201 0.497512 0.711443
202 0.500000 0.712871
203 0.502463 0.714286
204 0.500000 0.715686
205 0.497561 0.712195
206 0.500000 0.708738
207 0.497585 0.710145
208 0.500000 0.711538
209 0.502392 0.712919
210 0.500000 0.709524
211 0.497630 0.710900
212 0.495283 0.712264
213 0.492958 0.713615
214 0.495327 0.714953
215 0.497674 0.711628
216 0.495370 0.712963
217 0.493088 0.714286
218 0.495413 0.715596
219 0.493151 0.716895
220 0.495455 0.713636
221 0.497738 0.710407
222 0.495495 0.707207
223 0.493274 0.704036
224 0.491071 0.705357
225 0.488889 0.706667
226 0.486726 0.707965
227 0.488987 0.709251
228 0.486842 0.710526
229 0.484716 0.711790
230 0.482609 0.713043
231 0.484848 0.714286
232 0.482759 0.715517
233 0.480687 0.716738
234 0.482906 0.713675
235 0.485106 0.714894
236 0.483051 0.716102
237 0.485232 0.717300
238 0.483193 0.718487
239 0.481172 0.719665
240 0.483333 0.720833
241 0.481328 0.721992
242 0.483471 0.723140
243 0.481481 0.724280
244 0.483607 0.725410
245 0.481633 0.722449
246 0.479675 0.723577
247 0.477733 0.724696
248 0.475806 0.725806
249 0.477912 0.726908
250 0.476000 0.728000
251 0.478088 0.729084
252 0.480159 0.730159
253 0.478261 0.731225
254 0.476378 0.732283
255 0.474510 0.729412
256 0.472656 0.730469
257 0.474708 0.727626
258 0.476744 0.724806
259 0.474903 0.722008
260 0.476923 0.723077
261 0.478927 0.724138
262 0.477099 0.725191
263 0.475285 0.722433
264 0.473485 0.719697
265 0.475472 0.720755
266 0.477444 0.721805
267 0.475655 0.722846
268 0.477612 0.723881
269 0.475836 0.724907
270 0.474074 0.725926
271 0.476015 0.726937
272 0.477941 0.727941
273 0.479853 0.728938
274 0.481752 0.729927
275 0.483636 0.727273
276 0.481884 0.724638
277 0.483755 0.725632
278 0.485612 0.726619
279 0.487455 0.727599
280 0.485714 0.725000
281 0.483986 0.725979
282 0.485816 0.726950
283 0.487633 0.727915
284 0.489437 0.728873
285 0.487719 0.729825
286 0.486014 0.730769
287 0.487805 0.728223
288 0.489583 0.725694
289 0.491349 0.726644
290 0.489655 0.724138
291 0.491409 0.721649
292 0.489726 0.722603
293 0.491468 0.723549
294 0.493197 0.724490
295 0.491525 0.722034
296 0.493243 0.722973
297 0.491582 0.723906
298 0.489933 0.724832
299 0.491639 0.725753
300 0.490000 0.726667
301 0.488372 0.724252
302 0.486755 0.725166
303 0.485149 0.722772
304 0.486842 0.723684
305 0.485246 0.721311
306 0.486928 0.722222
307 0.485342 0.723127
308 0.487013 0.720779
309 0.488673 0.721683
310 0.490323 0.722581
311 0.491961 0.723473
312 0.490385 0.721154
313 0.488818 0.718850
314 0.487261 0.719745
315 0.488889 0.717460
316 0.487342 0.718354
317 0.488959 0.719243
318 0.487421 0.720126
319 0.485893 0.717868
320 0.484375 0.715625
321 0.485981 0.716511
322 0.484472 0.717391
323 0.486068 0.718266
324 0.487654 0.719136
325 0.486154 0.720000
326 0.484663 0.720859
327 0.486239 0.718654
328 0.487805 0.719512
329 0.489362 0.720365
330 0.490909 0.721212
331 0.492447 0.722054
332 0.493976 0.722892
333 0.492492 0.723724
334 0.491018 0.724551
335 0.492537 0.725373
336 0.494048 0.726190
337 0.492582 0.727003
338 0.494083 0.727811
339 0.492625 0.728614
340 0.491176 0.726471
341 0.489736 0.724340
342 0.488304 0.725146
343 0.486880 0.725948
344 0.488372 0.726744
345 0.489855 0.727536
346 0.491329 0.728324
347 0.492795 0.726225
348 0.491379 0.727011
349 0.489971 0.727794
350 0.488571 0.725714
351 0.490028 0.726496
352 0.488636 0.727273
353 0.487252 0.728045
354 0.488701 0.728814
355 0.487324 0.729577
356 0.488764 0.730337
357 0.487395 0.731092
358 0.488827 0.731844
359 0.487465 0.732591
360 0.486111 0.733333
361 0.487535 0.731302
362 0.488950 0.732044
363 0.490358 0.732782
364 0.491758 0.730769
365 0.490411 0.731507
366 0.489071 0.729508
367 0.487738 0.730245
368 0.489130 0.730978
369 0.490515 0.728997
370 0.491892 0.729730
371 0.490566 0.730458
372 0.491935 0.731183
373 0.493298 0.731903
374 0.491979 0.729947
375 0.493333 0.730667
376 0.494681 0.731383
377 0.493369 0.732095
378 0.494709 0.732804
379 0.493404 0.733509
380 0.492105 0.734211
381 0.493438 0.734908
382 0.494764 0.735602
383 0.496084 0.736292
384 0.497396 0.736979
385 0.496104 0.737662
386 0.494819 0.738342
387 0.493540 0.739018
388 0.492268 0.739691
389 0.491003 0.740360
390 0.489744 0.741026
391 0.491049 0.741688
392 0.489796 0.742347
393 0.491094 0.743003
394 0.492386 0.743655
395 0.493671 0.741772
396 0.494949 0.742424
397 0.493703 0.743073
398 0.494975 0.741206
399 0.493734 0.739348
400 0.495000 0.737500
401 0.493766 0.738155
402 0.495025 0.738806
403 0.493797 0.739454
404 0.492574 0.740099
405 0.491358 0.740741
406 0.492611 0.738916
407 0.493857 0.739558
408 0.495098 0.740196
409 0.496333 0.740831
410 0.497561 0.741463
411 0.496350 0.742092
412 0.497573 0.742718
413 0.496368 0.743341
414 0.495169 0.743961
415 0.493976 0.742169
416 0.495192 0.740385
417 0.496403 0.738609
418 0.495215 0.739234
419 0.496420 0.739857
420 0.497619 0.738095
421 0.496437 0.738717
422 0.495261 0.739336
423 0.496454 0.739953
424 0.497642 0.740566
425 0.498824 0.741176
426 0.500000 0.741784
427 0.501171 0.742389
428 0.500000 0.742991
429 0.498834 0.743590
430 0.500000 0.741860
431 0.501160 0.742459
432 0.502315 0.743056
433 0.501155 0.743649
434 0.502304 0.744240
435 0.503448 0.744828
436 0.502294 0.745413
437 0.503432 0.743707
438 0.502283 0.744292
439 0.503417 0.744875
440 0.502273 0.745455
441 0.501134 0.743764
442 0.502262 0.742081
443 0.503386 0.742664
444 0.502252 0.743243
445 0.501124 0.743820
446 0.500000 0.742152
447 0.501119 0.740492
448 0.502232 0.741071
449 0.503341 0.739421
450 0.502222 0.740000
451 0.501109 0.740576
452 0.500000 0.741150
453 0.501104 0.741722
454 0.502203 0.742291
455 0.503297 0.742857
456 0.504386 0.741228
457 0.505470 0.739606
458 0.506550 0.740175
459 0.507625 0.740741
460 0.506522 0.741304
461 0.505423 0.741866
462 0.506494 0.740260
463 0.505400 0.738661
464 0.504310 0.737069
465 0.505376 0.737634
466 0.506438 0.736052
467 0.507495 0.736617
468 0.506410 0.737179
469 0.505330 0.737740
470 0.506383 0.738298
471 0.507431 0.736730
472 0.508475 0.735169
473 0.509514 0.735729
474 0.508439 0.736287
475 0.507368 0.736842
476 0.506303 0.737395
477 0.505241 0.737945
478 0.504184 0.736402
479 0.505219 0.736952
480 0.504167 0.737500
481 0.505198 0.738046
482 0.506224 0.738589
483 0.505176 0.739130
484 0.506198 0.737603
485 0.505155 0.736082
486 0.506173 0.736626
487 0.505133 0.737166
488 0.504098 0.737705
489 0.503067 0.738241
490 0.504082 0.738776
491 0.503055 0.737271
492 0.504065 0.737805
493 0.503043 0.738337
494 0.504049 0.738866
495 0.505051 0.739394
496 0.506048 0.739919
497 0.505030 0.740443
498 0.504016 0.740964
499 0.503006 0.739479
500 0.502000 0.740000
501 0.500998 0.738523
502 0.501992 0.737052
503 0.502982 0.737575
504 0.503968 0.738095
505 0.502970 0.738614
506 0.503953 0.739130
507 0.502959 0.737673
508 0.501969 0.738189
509 0.500982 0.736739
510 0.501961 0.737255
511 0.500978 0.735812
512 0.500000 0.734375
513 0.499025 0.732943
514 0.498054 0.733463
515 0.499029 0.732039
516 0.498062 0.730620
517 0.499033 0.731141
518 0.500000 0.731660
519 0.499037 0.732177
520 0.498077 0.732692
521 0.499040 0.731286
522 0.500000 0.731801
523 0.499044 0.732314
524 0.500000 0.730916
525 0.499048 0.729524
526 0.500000 0.730038
527 0.500949 0.728653
528 0.500000 0.729167
529 0.500945 0.727788
530 0.500000 0.728302
531 0.499058 0.728814
532 0.498120 0.729323
533 0.497186 0.729831
534 0.498127 0.730337
535 0.499065 0.730841
536 0.498134 0.731343
537 0.497207 0.731844
538 0.496283 0.730483
539 0.495362 0.730983
540 0.496296 0.729630
541 0.497227 0.730129
542 0.498155 0.730627
543 0.499079 0.729282
544 0.498162 0.729779
545 0.499083 0.728440
546 0.500000 0.728938
547 0.499086 0.729433
548 0.500000 0.729927
549 0.500911 0.730419
550 0.500000 0.730909
551 0.499093 0.729583
552 0.498188 0.730072
553 0.499096 0.730561
554 0.500000 0.729242
555 0.499099 0.727928
556 0.498201 0.728417
557 0.497307 0.728905
558 0.496416 0.729391
559 0.497317 0.729875
560 0.498214 0.730357
561 0.497326 0.730838
562 0.498221 0.729537
563 0.499112 0.730018
564 0.500000 0.730496
565 0.500885 0.730973
566 0.501767 0.731449
567 0.502646 0.731922
568 0.501761 0.732394
569 0.500879 0.732865
570 0.500000 0.731579
571 0.499124 0.730298
572 0.498252 0.730769
573 0.497382 0.731239
574 0.498258 0.731707
575 0.499130 0.730435
576 0.500000 0.730903
577 0.500867 0.731369
578 0.501730 0.731834
579 0.502591 0.730570
580 0.503448 0.731034
581 0.502582 0.731497
582 0.501718 0.731959
583 0.502573 0.730703
584 0.503425 0.731164
585 0.502564 0.729915
586 0.503413 0.728669
587 0.504259 0.729131
588 0.503401 0.729592
589 0.502547 0.730051
590 0.503390 0.730508
591 0.502538 0.730964
592 0.501689 0.729730
593 0.502530 0.730185
594 0.503367 0.730640
595 0.504202 0.731092
596 0.505034 0.731544
597 0.504188 0.730318
598 0.505017 0.729097
599 0.504174 0.727880
600 0.505000 0.728333
601 0.504160 0.728785
602 0.504983 0.729236
603 0.504146 0.728027
604 0.504967 0.728477
605 0.505785 0.727273
606 0.506601 0.727723
607 0.505766 0.728171
608 0.506579 0.728618
609 0.507389 0.727422
610 0.506557 0.727869
611 0.505728 0.726678
612 0.504902 0.727124
613 0.505710 0.727569
614 0.506515 0.728013
615 0.505691 0.728455
616 0.504870 0.727273
617 0.504052 0.727715
618 0.504854 0.728155
619 0.504039 0.726979
620 0.503226 0.727419
621 0.502415 0.727858
622 0.503215 0.728296
623 0.502408 0.728732
624 0.501603 0.729167
625 0.500800 0.729600
626 0.501597 0.728435
627 0.500797 0.728868
628 0.500000 0.729299
629 0.499205 0.729730
630 0.498413 0.730159
631 0.499208 0.730586
632 0.498418 0.731013
633 0.499210 0.729858
634 0.498423 0.730284
635 0.499213 0.730709
636 0.498428 0.729560
637 0.497645 0.729984
638 0.496865 0.730408
639 0.497653 0.730829
640 0.496875 0.731250
641 0.497660 0.731669
642 0.498442 0.732087
643 0.497667 0.732504
644 0.496894 0.731366
645 0.496124 0.731783
646 0.495356 0.732198
647 0.494590 0.731066
648 0.493827 0.731481
649 0.494607 0.731895
650 0.493846 0.732308
651 0.493088 0.732719
652 0.492331 0.733129
653 0.491577 0.733538
654 0.492355 0.733945
655 0.491603 0.734351
656 0.492378 0.734756
657 0.491629 0.735160
658 0.490881 0.735562
659 0.490137 0.735964
660 0.489394 0.734848
661 0.488654 0.735250
662 0.487915 0.734139
663 0.487179 0.734540
664 0.486446 0.734940
665 0.485714 0.735338
666 0.484985 0.735736
667 0.484258 0.736132
668 0.483533 0.736527
669 0.482810 0.736921
670 0.483582 0.735821
671 0.482861 0.736215
672 0.482143 0.736607
673 0.482912 0.736999
674 0.483680 0.737389
675 0.484444 0.737778
676 0.483728 0.736686
677 0.483013 0.735598
678 0.483776 0.735988
679 0.483063 0.736377
680 0.482353 0.736765
681 0.481645 0.735683
682 0.482405 0.736070
683 0.481698 0.736457
684 0.480994 0.736842
685 0.480292 0.735766
686 0.479592 0.734694
687 0.478894 0.735080
688 0.479651 0.735465
689 0.478955 0.735849
690 0.479710 0.734783
691 0.479016 0.735166
692 0.478324 0.734104
693 0.479076 0.733045
694 0.479827 0.733429
695 0.480576 0.733813
696 0.479885 0.734195
697 0.480631 0.734577
698 0.479943 0.734957
699 0.480687 0.735336
700 0.480000 0.735714
701 0.480742 0.736091
702 0.480057 0.736467
703 0.480797 0.736842
704 0.481534 0.737216
705 0.480851 0.736170
706 0.480170 0.735127
707 0.480905 0.734088
708 0.480226 0.734463
709 0.480959 0.734838
710 0.480282 0.733803
711 0.481013 0.732771
712 0.480337 0.733146
713 0.481066 0.732118
714 0.480392 0.732493
715 0.481119 0.732867
716 0.481844 0.733240
717 0.482566 0.733612
718 0.483287 0.733983
719 0.484006 0.734353
720 0.484722 0.734722
721 0.485437 0.735090
722 0.484765 0.735457
723 0.485477 0.734440
724 0.484807 0.734807
725 0.484138 0.733793
726 0.483471 0.734160
727 0.482806 0.734525
728 0.483516 0.734890
729 0.484225 0.735254
730 0.484932 0.735616
731 0.484268 0.735978
732 0.483607 0.734973
733 0.482947 0.733970
734 0.483651 0.732970
735 0.482993 0.733333
736 0.482337 0.733696
737 0.483039 0.732700
738 0.482385 0.731707
739 0.481732 0.732070
740 0.482432 0.731081
741 0.481781 0.730094
742 0.481132 0.730458
743 0.480485 0.730821
744 0.481183 0.731183
745 0.481879 0.731544
746 0.481233 0.731903
747 0.480589 0.732262
748 0.481283 0.731283
749 0.480641 0.731642
750 0.481333 0.732000
751 0.482024 0.731025
752 0.481383 0.731383
753 0.482072 0.731740
754 0.482759 0.732095
755 0.482119 0.731126
756 0.482804 0.731481
757 0.483487 0.731836
758 0.482850 0.732190
759 0.483531 0.732543
760 0.484211 0.731579
761 0.484888 0.731932
762 0.485564 0.730971
763 0.484928 0.731324
764 0.485602 0.731675
765 0.484967 0.732026
766 0.484334 0.732376
767 0.485007 0.732725
768 0.484375 0.733073
769 0.485046 0.733420
770 0.484416 0.733766
771 0.483787 0.732815
772 0.483161 0.733161
773 0.483829 0.733506
774 0.484496 0.733850
775 0.485161 0.734194
776 0.485825 0.734536
777 0.486486 0.734878
778 0.487147 0.735219
779 0.487805 0.735558
780 0.488462 0.735897
781 0.487836 0.734955
782 0.487212 0.734015
783 0.486590 0.733078
784 0.485969 0.733418
785 0.485350 0.733758
786 0.486005 0.734097
787 0.485388 0.734435
788 0.486041 0.734772
789 0.486692 0.733840
790 0.487342 0.734177
791 0.487990 0.733249
792 0.487374 0.733586
793 0.486759 0.733922
794 0.486146 0.734257
795 0.485535 0.734591
796 0.484925 0.734925
797 0.485571 0.735257
798 0.486216 0.735589
799 0.486859 0.734668
800 0.486250 0.735000
801 0.486891 0.735331
802 0.486284 0.734414
803 0.485679 0.733499
804 0.486318 0.733831
805 0.486957 0.734161
806 0.487593 0.734491
807 0.488228 0.733581
808 0.487624 0.732673
809 0.487021 0.731768
810 0.487654 0.730864
811 0.488286 0.729963
812 0.488916 0.730296
813 0.489545 0.730627
814 0.490172 0.729730
815 0.489571 0.728834
816 0.488971 0.727941
817 0.489596 0.728274
818 0.490220 0.728606
819 0.489621 0.728938
820 0.490244 0.728049
821 0.489647 0.728380
822 0.489051 0.728710
823 0.489672 0.729040
824 0.489078 0.729369
825 0.489697 0.728485
826 0.489104 0.728814
827 0.488513 0.727932
828 0.487923 0.728261
829 0.487334 0.728589
830 0.487952 0.727711
831 0.487365 0.728039
832 0.487981 0.728365
833 0.487395 0.728691
834 0.486811 0.727818
835 0.487425 0.726946
836 0.486842 0.727273
837 0.486260 0.727599
838 0.486874 0.727924
839 0.487485 0.728248
840 0.486905 0.728571
841 0.487515 0.727705
842 0.486936 0.726841
843 0.486358 0.725979
844 0.486967 0.725118
845 0.487574 0.725444
846 0.486998 0.725768
847 0.487603 0.724911
848 0.488208 0.725236
849 0.488810 0.725559
850 0.488235 0.725882
851 0.487662 0.726204
852 0.488263 0.725352
853 0.488863 0.725674
854 0.488290 0.724824
855 0.487719 0.725146
856 0.488318 0.725467
857 0.487748 0.725788
858 0.487179 0.726107
859 0.486612 0.725262
860 0.487209 0.725581
861 0.486643 0.725900
862 0.487239 0.726218
863 0.486674 0.725377
864 0.487269 0.724537
865 0.486705 0.724855
866 0.486143 0.725173
867 0.485582 0.724337
868 0.486175 0.723502
869 0.486766 0.723820
870 0.487356 0.724138
871 0.487945 0.723307
872 0.487385 0.723624
873 0.487973 0.723940
874 0.487414 0.724256
875 0.488000 0.723429
876 0.487443 0.723744
877 0.488027 0.722919
878 0.488610 0.722096
879 0.489192 0.722412
880 0.488636 0.722727
881 0.488082 0.723042
882 0.488662 0.723356
883 0.488109 0.723669
884 0.488688 0.722851
885 0.489266 0.723164
886 0.489842 0.723476
887 0.489290 0.723788
888 0.488739 0.724099
889 0.488189 0.724409
890 0.487640 0.723596
891 0.488215 0.722783
892 0.488789 0.723094
893 0.489362 0.723404
894 0.489933 0.722595
895 0.489385 0.722905
896 0.489955 0.722098
897 0.489409 0.721293
898 0.489978 0.721604
899 0.490545 0.721913
900 0.491111 0.722222
901 0.490566 0.721421
902 0.490022 0.720621
903 0.489480 0.720930
904 0.488938 0.721239
905 0.489503 0.721547
906 0.490066 0.720751
907 0.489526 0.719956
908 0.488987 0.720264
909 0.488449 0.720572
910 0.489011 0.720879
911 0.489572 0.721186
912 0.490132 0.721491
913 0.490690 0.721796
914 0.491247 0.722101
915 0.490710 0.722404
916 0.491266 0.721616
917 0.491821 0.720829
918 0.492375 0.721133
919 0.491839 0.721436
920 0.492391 0.721739
921 0.492942 0.720955
922 0.492408 0.721258
923 0.491874 0.720477
924 0.491342 0.720779
925 0.490811 0.720000
926 0.491361 0.720302
927 0.491909 0.720604
928 0.491379 0.720905
929 0.490850 0.721206
930 0.490323 0.721505
931 0.490870 0.721805
932 0.491416 0.722103
933 0.491961 0.722401
934 0.491435 0.721627
935 0.490909 0.721925
936 0.490385 0.721154
937 0.489861 0.720384
938 0.489339 0.720682
939 0.488818 0.719915
940 0.488298 0.719149
941 0.487779 0.719447
942 0.488323 0.719745
943 0.487805 0.718982
944 0.488347 0.718220
945 0.488889 0.717460
946 0.489429 0.717759
947 0.488912 0.718057
948 0.489451 0.718354
949 0.488936 0.718651
950 0.489474 0.717895
951 0.488959 0.717140
952 0.488445 0.717437
953 0.488982 0.717733
954 0.488470 0.718029
955 0.489005 0.718325
956 0.489540 0.717573
957 0.489028 0.716823
958 0.489562 0.716075
959 0.489051 0.715328
960 0.489583 0.715625
961 0.489074 0.715921
962 0.489605 0.716216
963 0.490135 0.716511
964 0.490664 0.716805
965 0.491192 0.717098
966 0.491718 0.716356
967 0.492244 0.715615
968 0.492769 0.715909
969 0.492260 0.715170
970 0.492784 0.715464
971 0.493306 0.715757
972 0.492798 0.716049
973 0.493320 0.716341
974 0.493840 0.716632
975 0.493333 0.716923
976 0.493852 0.716189
977 0.494371 0.716479
978 0.494888 0.716769
979 0.494382 0.717058
980 0.493878 0.717347
981 0.494393 0.717635
982 0.494908 0.716904
983 0.495422 0.717192
984 0.495935 0.717480
985 0.495431 0.716751
986 0.494929 0.716024
987 0.495441 0.716312
988 0.495951 0.716599
989 0.495450 0.716886
990 0.495960 0.716162
991 0.495459 0.716448
992 0.494960 0.715726
993 0.495468 0.716012
994 0.494970 0.715292
995 0.494472 0.715578
996 0.494980 0.715863
997 0.495486 0.716148
998 0.495992 0.715431
999 0.495495 0.715716
1000 0.495000 0.716000
1001 0.495504 0.716284
1002 0.496008 0.716567
1003 0.496510 0.716849
1004 0.496016 0.716135
1005 0.495522 0.716418
1006 0.495030 0.715706
1007 0.494538 0.714995
1008 0.495040 0.715278
1009 0.495540 0.714569
1010 0.496040 0.714851
1011 0.495549 0.714144
1012 0.495059 0.713439
1013 0.495558 0.713722
1014 0.496055 0.714004
1015 0.495567 0.714286
1016 0.495079 0.714567
1017 0.494592 0.714848
1018 0.495088 0.715128
1019 0.494603 0.714426
1020 0.495098 0.714706
1021 0.494613 0.714985
1022 0.495108 0.714286
1023 0.495601 0.713587
1024 0.495117 0.713867
1025 0.494634 0.714146
1026 0.494152 0.713450
1027 0.493671 0.713729
1028 0.494163 0.714008
1029 0.494655 0.713314
1030 0.494175 0.712621
1031 0.493695 0.712900
1032 0.494186 0.713178
1033 0.494676 0.713456
1034 0.495164 0.712766
1035 0.495652 0.713043
1036 0.496139 0.713320
1037 0.496625 0.713597
1038 0.496146 0.713873
1039 0.495669 0.714148
1040 0.496154 0.713462
1041 0.496638 0.713737
1042 0.497121 0.713052
1043 0.497603 0.713327
1044 0.498084 0.713602
1045 0.498565 0.713876
1046 0.498088 0.714149
1047 0.497612 0.713467
1048 0.497137 0.713740
1049 0.496663 0.714013
1050 0.497143 0.714286
1051 0.497621 0.714558
1052 0.497148 0.713878
1053 0.496676 0.714150
1054 0.497154 0.714421
1055 0.497630 0.713744
1056 0.498106 0.713068
1057 0.497635 0.713340
1058 0.498110 0.712665
1059 0.498584 0.712937
1060 0.498113 0.713208
1061 0.498586 0.713478
1062 0.499058 0.712806
1063 0.499530 0.713076
1064 0.500000 0.712406
1065 0.499531 0.711737
1066 0.500000 0.712008
1067 0.500469 0.711340
1068 0.500936 0.710674
1069 0.501403 0.710009
1070 0.501869 0.710280
1071 0.502334 0.710551
1072 0.501866 0.710821
1073 0.501398 0.711090
1074 0.500931 0.710428
1075 0.501395 0.709767
1076 0.501859 0.710037
1077 0.502321 0.710306
1078 0.502783 0.709647
1079 0.503244 0.709917
1080 0.502778 0.710185
1081 0.503238 0.710453
1082 0.502773 0.710721
1083 0.502308 0.710065
1084 0.501845 0.710332
1085 0.501382 0.709677
1086 0.500921 0.709945
1087 0.501380 0.709292
1088 0.501838 0.709559
1089 0.501377 0.708907
1090 0.501835 0.708257
1091 0.502291 0.707608
1092 0.502747 0.707875
1093 0.503202 0.708143
1094 0.502742 0.708410
1095 0.503196 0.707763
1096 0.503650 0.708029
1097 0.504102 0.708295
1098 0.504554 0.707650
1099 0.505005 0.707916
1100 0.504545 0.708182
1101 0.504087 0.707539
1102 0.503630 0.707804
1103 0.503173 0.708069
1104 0.502717 0.708333
1105 0.502262 0.708597
1106 0.502712 0.708861
1107 0.502258 0.709124
1108 0.501805 0.709386
1109 0.501353 0.709648
1110 0.501802 0.709910
1111 0.502250 0.709271
1112 0.501799 0.708633
1113 0.502246 0.708895
1114 0.501795 0.709156
1115 0.501345 0.709417
1116 0.500896 0.709677
1117 0.501343 0.709042
1118 0.501789 0.709302
1119 0.501340 0.709562
1120 0.501786 0.708929
1121 0.501338 0.708296
1122 0.501783 0.707665
1123 0.502226 0.707925
1124 0.502669 0.707295
1125 0.502222 0.707556
1126 0.502664 0.707815
1127 0.503106 0.708075
1128 0.503546 0.707447
1129 0.503100 0.707706
1130 0.503540 0.707965
1131 0.503095 0.708223
1132 0.502650 0.707597
1133 0.503089 0.707855
1134 0.502646 0.708113
1135 0.503084 0.707489
1136 0.503521 0.706866
1137 0.503078 0.707124
1138 0.503515 0.706503
1139 0.503951 0.706760
1140 0.504386 0.707018
1141 0.503944 0.706398
1142 0.504378 0.705779
1143 0.503937 0.705162
1144 0.503497 0.705420
1145 0.503057 0.705677
1146 0.502618 0.705061
1147 0.503051 0.704446
1148 0.502613 0.704704
1149 0.502176 0.704961
1150 0.501739 0.705217
1151 0.501303 0.704605
1152 0.500868 0.704861
1153 0.500434 0.705117
1154 0.500867 0.704506
1155 0.500433 0.704762
1156 0.500000 0.704152
1157 0.500432 0.704408
1158 0.500864 0.704663
1159 0.500431 0.704055
1160 0.500000 0.704310
1161 0.499569 0.703704
1162 0.500000 0.703959
1163 0.499570 0.703353
1164 0.500000 0.703608
1165 0.499571 0.703004
1166 0.499142 0.702401
1167 0.498715 0.701799
1168 0.499144 0.701199
1169 0.499572 0.701454
1170 0.499145 0.701709
1171 0.498719 0.701964
1172 0.498294 0.702218
1173 0.498721 0.702472
1174 0.499148 0.702726
1175 0.498723 0.702979
1176 0.498299 0.703231
1177 0.497876 0.703483
1178 0.497453 0.702886
1179 0.497880 0.703138
1180 0.497458 0.703390
1181 0.497036 0.703641
1182 0.496616 0.703892
1183 0.496196 0.704142
1184 0.495777 0.704392
1185 0.495359 0.704641
1186 0.494941 0.704890
1187 0.495366 0.705139
1188 0.495791 0.704545
1189 0.496215 0.704794
1190 0.495798 0.705042
1191 0.496222 0.705290
1192 0.496644 0.705537
1193 0.496228 0.705784
1194 0.496650 0.706030
1195 0.496234 0.706276
1196 0.495819 0.706522
1197 0.496241 0.706767
1198 0.496661 0.706177
1199 0.497081 0.706422
1200 0.497500 0.706667
1201 0.497086 0.706911
1202 0.497504 0.707155
1203 0.497091 0.706567
1204 0.497508 0.706811
1205 0.497925 0.706224
1206 0.497512 0.705638
1207 0.497100 0.705882
1208 0.497517 0.705298
1209 0.497932 0.705542
1210 0.498347 0.705785
1211 0.498761 0.705202
1212 0.499175 0.704620
1213 0.499588 0.704864
1214 0.500000 0.705107
1215 0.499588 0.705350
1216 0.499178 0.704770
1217 0.499589 0.704191
1218 0.500000 0.703612
1219 0.499590 0.703856
1220 0.499180 0.704098
1221 0.499590 0.703522
1222 0.499182 0.703764
1223 0.499591 0.703189
1224 0.499183 0.702614
1225 0.498776 0.702041
1226 0.499184 0.702284
1227 0.499593 0.702526
1228 0.500000 0.702769
1229 0.500407 0.702197
1230 0.500000 0.702439
1231 0.500406 0.701868
1232 0.500000 0.702110
1233 0.500406 0.702352
1234 0.500810 0.702593
1235 0.501215 0.702024
1236 0.501618 0.701456
1237 0.501213 0.701698
1238 0.500808 0.701939
1239 0.501211 0.701372
1240 0.500806 0.700806
1241 0.500403 0.701048
1242 0.500000 0.700483
1243 0.500402 0.699920
1244 0.500804 0.700161
1245 0.500402 0.699598
1246 0.500000 0.699037
1247 0.499599 0.699278
1248 0.500000 0.699519
1249 0.500400 0.699760
1250 0.500800 0.700000
1251 0.500400 0.700240
1252 0.500799 0.699681
1253 0.500399 0.699920
1254 0.500000 0.700159
1255 0.499602 0.700398
1256 0.499204 0.700637
1257 0.498807 0.700080
1258 0.499205 0.699523
1259 0.498809 0.699762
1260 0.498413 0.699206
1261 0.498810 0.699445
1262 0.499208 0.699683
1263 0.499604 0.699129
1264 0.499209 0.698576
1265 0.499605 0.698814
1266 0.499210 0.699052
1267 0.499605 0.699290
1268 0.499211 0.698738
1269 0.498818 0.698976
1270 0.498425 0.698425
1271 0.498033 0.697876
1272 0.497642 0.698113
1273 0.498036 0.697565
1274 0.498430 0.697017
1275 0.498824 0.697255
1276 0.499216 0.697492
1277 0.499608 0.696946
1278 0.500000 0.697183
1279 0.499609 0.697420
1280 0.499219 0.697656
1281 0.498829 0.697892
1282 0.498440 0.697348
1283 0.498831 0.697584
1284 0.498442 0.697819
1285 0.498054 0.698054
1286 0.497667 0.698289
1287 0.497280 0.697747
1288 0.496894 0.697205
1289 0.496509 0.697440
1290 0.496124 0.696899
1291 0.495740 0.697134
1292 0.496130 0.697368
1293 0.496520 0.697602
1294 0.496136 0.697836
1295 0.496525 0.698069
1296 0.496142 0.698302
1297 0.495759 0.698535
1298 0.495378 0.697997
1299 0.494996 0.697460
1300 0.494615 0.697692
1301 0.495004 0.697925
1302 0.495392 0.698157
1303 0.495779 0.698388
1304 0.496166 0.698620
1305 0.495785 0.698851
1306 0.496172 0.698315
1307 0.496557 0.698546
1308 0.496177 0.698777
1309 0.496562 0.699007
1310 0.496947 0.699237
1311 0.496568 0.699466
1312 0.496189 0.699695
1313 0.496573 0.699924
1314 0.496195 0.700152
1315 0.495817 0.699620
1316 0.495441 0.699848
1317 0.495065 0.700076
1318 0.495448 0.700303
1319 0.495072 0.700531
1320 0.495455 0.700758
1321 0.495079 0.700984
1322 0.495461 0.701210
1323 0.495087 0.701436
1324 0.495468 0.701662
1325 0.495849 0.701887
1326 0.496229 0.702112
1327 0.496609 0.702336
1328 0.496235 0.702560
1329 0.495862 0.702784
1330 0.495489 0.703008
1331 0.495116 0.703231
1332 0.494745 0.703453
1333 0.495124 0.702926
1334 0.494753 0.703148
1335 0.494382 0.703371
1336 0.494012 0.703593
1337 0.494390 0.703815
1338 0.494021 0.704036
1339 0.493652 0.704257
1340 0.494030 0.703731
1341 0.493661 0.703952
1342 0.493294 0.704173
1343 0.492926 0.704393
1344 0.492560 0.704613
1345 0.492937 0.704089
1346 0.493314 0.703566
1347 0.493690 0.703786
1348 0.494065 0.704006
1349 0.493699 0.704225
1350 0.493333 0.704444
1351 0.493708 0.703923
1352 0.493343 0.704142
1353 0.492979 0.704361
1354 0.492614 0.703840
1355 0.492251 0.703321
1356 0.491888 0.702802
1357 0.492262 0.702284
1358 0.491900 0.701767
1359 0.491538 0.701987
1360 0.491176 0.702206
1361 0.491550 0.702425
1362 0.491189 0.702643
1363 0.491563 0.702861
1364 0.491935 0.703079
1365 0.492308 0.703297
1366 0.491947 0.703514
1367 0.492319 0.703731
1368 0.492690 0.703216
1369 0.492330 0.702703
1370 0.491971 0.702920
1371 0.492341 0.702407
1372 0.492711 0.702624
1373 0.493081 0.702840
1374 0.493450 0.703057
1375 0.493818 0.703273
1376 0.493459 0.703488
1377 0.493827 0.702977
1378 0.494194 0.703193
1379 0.494561 0.703408
1380 0.494928 0.703623
1381 0.495293 0.703838
1382 0.494935 0.704052
1383 0.495300 0.704266
1384 0.494942 0.704480
1385 0.494585 0.703971
1386 0.494228 0.704185
1387 0.494593 0.704398
1388 0.494957 0.703890
1389 0.494600 0.704104
1390 0.494245 0.704317
1391 0.494608 0.704529
1392 0.494253 0.704741
1393 0.493898 0.704953
1394 0.494261 0.705165
1395 0.493907 0.705376
1396 0.493553 0.705587
1397 0.493916 0.705798
1398 0.493562 0.706009
1399 0.493209 0.705504
1400 0.493571 0.705714
1401 0.493933 0.705924
1402 0.493581 0.706134
1403 0.493942 0.706344
1404 0.494302 0.706553
1405 0.494662 0.706762
1406 0.494310 0.706970
1407 0.493959 0.707178
1408 0.494318 0.707386
1409 0.493967 0.707594
1410 0.493617 0.707801
1411 0.493976 0.708009
1412 0.494334 0.708215
1413 0.493984 0.708422
1414 0.493635 0.708628
1415 0.493286 0.708834
1416 0.492938 0.709040
1417 0.493296 0.709245
1418 0.493653 0.709450
1419 0.494010 0.709655
1420 0.494366 0.709859
1421 0.494722 0.710063
1422 0.495077 0.709564
1423 0.495432 0.709768
1424 0.495787 0.709972
1425 0.495439 0.710175
1426 0.495091 0.709677
1427 0.494744 0.709881
1428 0.495098 0.710084
1429 0.494752 0.710287
1430 0.494406 0.709790
1431 0.494759 0.709294
1432 0.495112 0.709497
1433 0.495464 0.709002
1434 0.495119 0.709205
1435 0.494774 0.709408
1436 0.494429 0.708914
1437 0.494781 0.709116
1438 0.495132 0.709318
1439 0.494788 0.708826
1440 0.495139 0.708333
1441 0.495489 0.708536
1442 0.495839 0.708738
1443 0.496188 0.708247
1444 0.495845 0.707756
1445 0.495502 0.707958
1446 0.495159 0.708160
1447 0.494817 0.707671
1448 0.495166 0.707873
1449 0.495514 0.707384
1450 0.495862 0.707586
1451 0.495520 0.707788
1452 0.495179 0.707989
1453 0.494838 0.707502
1454 0.495186 0.707703
1455 0.495533 0.707216
1456 0.495879 0.707418
1457 0.496225 0.707618
1458 0.496571 0.707819
1459 0.496230 0.707334
1460 0.495890 0.706849
1461 0.496235 0.706366
1462 0.496580 0.706566
1463 0.496924 0.706083
1464 0.496585 0.706284
1465 0.496928 0.706485
1466 0.497271 0.706003
1467 0.497614 0.706203
1468 0.497275 0.706403
1469 0.496937 0.706603
1470 0.497279 0.706803
1471 0.497621 0.707002
1472 0.497283 0.706522
1473 0.497624 0.706721
1474 0.497286 0.706920
1475 0.496949 0.707119
1476 0.496612 0.707317
1477 0.496276 0.707515
1478 0.496617 0.707037
1479 0.496957 0.706558
1480 0.496622 0.706081
1481 0.496962 0.705604
1482 0.496626 0.705128
1483 0.496966 0.704653
1484 0.496631 0.704852
1485 0.496970 0.705051
1486 0.496635 0.705249
1487 0.496974 0.705447
1488 0.497312 0.704973
1489 0.496978 0.705171
1490 0.496644 0.705369
1491 0.496311 0.705567
1492 0.495979 0.705094
1493 0.495646 0.705291
1494 0.495315 0.704819
1495 0.494983 0.705017
1496 0.494652 0.705214
1497 0.494990 0.705411
1498 0.495327 0.705607
1499 0.494997 0.705804
1500 0.495333 0.706000
1501 0.495003 0.705530
1502 0.494674 0.705726
1503 0.494345 0.705921
1504 0.494681 0.706117
1505 0.494352 0.706312
1506 0.494024 0.706507
1507 0.494360 0.706702
1508 0.494695 0.706897
1509 0.494367 0.707091
1510 0.494702 0.707285
1511 0.494375 0.707478
1512 0.494048 0.707011
1513 0.494382 0.706543
1514 0.494055 0.706077
1515 0.493729 0.705611
1516 0.494063 0.705805
1517 0.494397 0.705999
1518 0.494071 0.706192
1519 0.494404 0.706386
1520 0.494737 0.706579
1521 0.495069 0.706772
1522 0.494744 0.706965
1523 0.495076 0.707157
1524 0.495407 0.707349
1525 0.495738 0.707541
1526 0.496068 0.707733
1527 0.495743 0.707924
1528 0.495419 0.707461
1529 0.495095 0.707652
1530 0.494771 0.707843
1531 0.494448 0.708034
1532 0.494778 0.707572
1533 0.494455 0.707763
1534 0.494785 0.707301
1535 0.494463 0.707492
1536 0.494792 0.707031
1537 0.495120 0.707222
1538 0.495449 0.706762
1539 0.495127 0.706953
1540 0.495455 0.706494
1541 0.495133 0.706035
1542 0.494812 0.706226
1543 0.495139 0.705768
1544 0.494819 0.705959
1545 0.495146 0.706149
1546 0.495472 0.706339
1547 0.495798 0.706529
1548 0.496124 0.706718
1549 0.496449 0.706908
1550 0.496774 0.706452
1551 0.497099 0.706641
1552 0.496778 0.706830
1553 0.497102 0.707019
1554 0.496782 0.706564
1555 0.496463 0.706109
1556 0.496787 0.705656
1557 0.497110 0.705202
1558 0.497433 0.705392
1559 0.497114 0.704939
1560 0.497436 0.705128
1561 0.497117 0.705317
1562 0.496799 0.705506
1563 0.497121 0.705054
1564 0.497442 0.704604
1565 0.497764 0.704792
1566 0.497446 0.704981
1567 0.497128 0.704531
1568 0.497449 0.704082
1569 0.497132 0.704270
1570 0.496815 0.703822
1571 0.496499 0.704010
1572 0.496183 0.704198
1573 0.496503 0.704387
1574 0.496188 0.704574
1575 0.495873 0.704762
1576 0.496193 0.704949
1577 0.496512 0.705136
1578 0.496831 0.705323
1579 0.497150 0.704877
1580 0.496835 0.705063
1581 0.497154 0.705250
1582 0.496839 0.705436
1583 0.497157 0.705622
1584 0.497475 0.705177
1585 0.497792 0.705363
1586 0.498108 0.705549
1587 0.497795 0.705734
1588 0.497481 0.705919
1589 0.497797 0.705475
1590 0.497484 0.705660
1591 0.497172 0.705217
1592 0.496859 0.705402
1593 0.497175 0.705587
1594 0.497491 0.705144
1595 0.497806 0.705329
1596 0.497494 0.705514
1597 0.497182 0.705698
1598 0.497497 0.705882
1599 0.497811 0.705441
1600 0.498125 0.705000
1601 0.497814 0.704560
1602 0.497503 0.704744
1603 0.497193 0.704928
1604 0.497506 0.705112
1605 0.497819 0.705296
1606 0.498132 0.705479
1607 0.497822 0.705663
1608 0.497512 0.705846
1609 0.497825 0.706029
1610 0.497516 0.705590
1611 0.497207 0.705773
1612 0.496898 0.705955
1613 0.496590 0.706138
1614 0.496283 0.705700
1615 0.496594 0.705882
1616 0.496906 0.705446
1617 0.497217 0.705009
1618 0.496910 0.705192
1619 0.497221 0.704756
1620 0.497531 0.704321
1621 0.497841 0.703886
1622 0.497534 0.704069
1623 0.497843 0.704251
1624 0.497537 0.704433
1625 0.497846 0.704000
1626 0.498155 0.704182
1627 0.498463 0.703749
1628 0.498157 0.703931
1629 0.498465 0.704113
1630 0.498773 0.704294
1631 0.498467 0.703863
1632 0.498775 0.704044
1633 0.498469 0.704225
1634 0.498776 0.704406
1635 0.499083 0.703976
1636 0.498778 0.704156
1637 0.498473 0.704337
1638 0.498168 0.704518
1639 0.498475 0.704088
1640 0.498780 0.703659
1641 0.499086 0.703839
1642 0.499391 0.704019
1643 0.499087 0.704200
1644 0.499392 0.704380
1645 0.499088 0.704559
1646 0.499392 0.704739
1647 0.499696 0.704918
1648 0.500000 0.705097
1649 0.500303 0.705276
1650 0.500000 0.705455
1651 0.499697 0.705633
1652 0.500000 0.705206
1653 0.499698 0.704779
1654 0.500000 0.704958
1655 0.500302 0.705136
1656 0.500604 0.705314
1657 0.500302 0.704888
1658 0.500000 0.705066
1659 0.500301 0.705244
1660 0.500000 0.705422
1661 0.499699 0.705599
1662 0.500000 0.705174
1663 0.499699 0.704750
1664 0.500000 0.704928
1665 0.499700 0.705105
1666 0.500000 0.704682
1667 0.499700 0.704859
1668 0.499400 0.704436
1669 0.499101 0.704614
1670 0.499401 0.704192
1671 0.499701 0.704369
1672 0.499402 0.703947
1673 0.499103 0.703527
1674 0.498805 0.703704
1675 0.499104 0.703284
1676 0.499403 0.703461
1677 0.499702 0.703041
1678 0.499404 0.703218
1679 0.499107 0.703395
1680 0.499405 0.702976
1681 0.499703 0.703153
1682 0.500000 0.702735
1683 0.500297 0.702911
1684 0.500000 0.703088
1685 0.500297 0.703264
1686 0.500000 0.703440
1687 0.499704 0.703616
1688 0.499408 0.703791
1689 0.499704 0.703967
1690 0.500000 0.704142
1691 0.500296 0.704317
1692 0.500000 0.704492
1693 0.499705 0.704666
1694 0.499410 0.704250
1695 0.499705 0.704425
1696 0.499410 0.704009
1697 0.499116 0.704184
1698 0.499411 0.704358
1699 0.499706 0.704532
1700 0.499412 0.704706
1701 0.499706 0.704879
1702 0.500000 0.705053
1703 0.499706 0.705226
1704 0.500000 0.704812
1705 0.499707 0.704399
1706 0.500000 0.703986
1707 0.500293 0.704159
1708 0.500000 0.704333
1709 0.499707 0.704506
1710 0.499415 0.704678
1711 0.499708 0.704851
1712 0.499416 0.704439
1713 0.499124 0.704028
1714 0.498833 0.704201
1715 0.498542 0.704373
1716 0.498252 0.704545
1717 0.497962 0.704135
1718 0.498254 0.704307
1719 0.497964 0.703898
1720 0.498256 0.704070
1721 0.498547 0.704242
1722 0.498839 0.704413
1723 0.498549 0.704005
1724 0.498840 0.704176
1725 0.498551 0.704348
1726 0.498262 0.704519
1727 0.497973 0.704111
1728 0.497685 0.704282
1729 0.497976 0.703875
1730 0.498266 0.704046
1731 0.498556 0.704217
1732 0.498268 0.704388
1733 0.498557 0.704559
1734 0.498270 0.704152
1735 0.498559 0.703746
1736 0.498272 0.703341
1737 0.498561 0.702936
1738 0.498274 0.702532
1739 0.497987 0.702703
1740 0.497701 0.702874
1741 0.497415 0.703044
1742 0.497130 0.703215
1743 0.496845 0.703385
1744 0.496560 0.702982
1745 0.496275 0.703152
1746 0.496564 0.702749
1747 0.496279 0.702347
1748 0.495995 0.701945
1749 0.496284 0.701544
1750 0.496000 0.701714
1751 0.495717 0.701885
1752 0.495434 0.702055
1753 0.495722 0.701654
1754 0.495439 0.701824
1755 0.495157 0.701994
1756 0.495444 0.702164
1757 0.495162 0.702334
1758 0.494881 0.702503
1759 0.494599 0.702672
1760 0.494318 0.702841
1761 0.494605 0.703010
1762 0.494325 0.703178
1763 0.494611 0.703347
1764 0.494898 0.702948
1765 0.494618 0.703116
1766 0.494904 0.703284
1767 0.495190 0.702886
1768 0.494910 0.703054
1769 0.495195 0.703222
1770 0.494915 0.702825
1771 0.495200 0.702993
1772 0.494921 0.702596
1773 0.494642 0.702200
1774 0.494363 0.702368
1775 0.494085 0.702535
1776 0.494369 0.702140
1777 0.494091 0.702307
1778 0.494376 0.702475
1779 0.494098 0.702642
1780 0.494382 0.702247
1781 0.494666 0.702414
1782 0.494388 0.702020
1783 0.494111 0.702187
1784 0.494395 0.702354
1785 0.494678 0.702521
1786 0.494961 0.702688
1787 0.495243 0.702854
1788 0.495526 0.702461
1789 0.495808 0.702627
1790 0.496089 0.702793
1791 0.496371 0.702959
1792 0.496094 0.703125
1793 0.495817 0.703291
1794 0.496098 0.702899
1795 0.495822 0.703064
1796 0.496102 0.703229
1797 0.495826 0.703395
1798 0.496107 0.703560
1799 0.495831 0.703724
1800 0.495556 0.703889
1801 0.495836 0.704053
1802 0.495560 0.704218
1803 0.495840 0.704382
1804 0.496120 0.704545
1805 0.495845 0.704709
1806 0.496124 0.704873
1807 0.496403 0.705036
1808 0.496681 0.705199
1809 0.496960 0.704809
1810 0.496685 0.704972
1811 0.496963 0.704583
1812 0.496689 0.704194
1813 0.496966 0.704357
1814 0.496692 0.704520
1815 0.496970 0.704132
1816 0.496696 0.703744
1817 0.496423 0.703357
1818 0.496150 0.702970
1819 0.496427 0.703134
1820 0.496703 0.703297
1821 0.496980 0.702910
1822 0.496707 0.702525
1823 0.496983 0.702688
1824 0.496711 0.702851
1825 0.496438 0.702466
1826 0.496714 0.702629
1827 0.496990 0.702791
1828 0.496718 0.702407
1829 0.496993 0.702570
1830 0.496721 0.702732
1831 0.496996 0.702895
1832 0.496725 0.703057
1833 0.496454 0.702673
1834 0.496728 0.702290
1835 0.496458 0.702452
1836 0.496187 0.702614
1837 0.495917 0.702776
1838 0.495647 0.702394
1839 0.495922 0.702556
1840 0.495652 0.702717
1841 0.495383 0.702879
1842 0.495657 0.703040
1843 0.495388 0.703201
1844 0.495119 0.703362
1845 0.495393 0.703523
1846 0.495125 0.703142
1847 0.495398 0.702761
1848 0.495671 0.702922
1849 0.495403 0.703083
1850 0.495135 0.703243
1851 0.494868 0.702863
1852 0.495140 0.703024
1853 0.494873 0.703184
1854 0.495146 0.703344
1855 0.494879 0.702965
1856 0.494612 0.703125
1857 0.494346 0.703285
1858 0.494080 0.703445
1859 0.494352 0.703066
1860 0.494086 0.703226
1861 0.494358 0.702848
1862 0.494629 0.703008
1863 0.494364 0.703167
1864 0.494635 0.703326
1865 0.494370 0.703485
1866 0.494105 0.703644
1867 0.494376 0.703803
1868 0.494647 0.703961
1869 0.494917 0.703585
1870 0.494652 0.703743
1871 0.494388 0.703902
1872 0.494124 0.704060
1873 0.494394 0.704218
1874 0.494130 0.704376
1875 0.493867 0.704533
1876 0.494136 0.704691
1877 0.493873 0.704315
1878 0.494143 0.703940
1879 0.494412 0.703566
1880 0.494149 0.703723
1881 0.493886 0.703881
1882 0.493624 0.704038
1883 0.493362 0.704195
1884 0.493100 0.704352
1885 0.493369 0.704509
1886 0.493637 0.704666
1887 0.493906 0.704822
1888 0.494174 0.704979
1889 0.493912 0.705135
1890 0.494180 0.704762
1891 0.494447 0.704918
1892 0.494715 0.705074
1893 0.494453 0.705230
1894 0.494192 0.705385
1895 0.494459 0.705541
1896 0.494726 0.705696
1897 0.494992 0.705851
1898 0.495258 0.706006
1899 0.495524 0.706161
1900 0.495789 0.706316
1901 0.496055 0.705944
1902 0.496320 0.706099
1903 0.496584 0.706253
1904 0.496324 0.706408
1905 0.496588 0.706037
1906 0.496852 0.706191
1907 0.496592 0.706345
1908 0.496855 0.705975
1909 0.496595 0.706129
1910 0.496859 0.706283
1911 0.496599 0.706436
1912 0.496339 0.706590
1913 0.496602 0.706743
1914 0.496343 0.706897
1915 0.496606 0.707050
1916 0.496868 0.707203
1917 0.496609 0.707355
1918 0.496872 0.707508
1919 0.496613 0.707660
1920 0.496875 0.707292
1921 0.497137 0.707444
1922 0.497399 0.707596
1923 0.497660 0.707748
1924 0.497401 0.707900
1925 0.497143 0.708052
1926 0.497404 0.708204
1927 0.497665 0.708355
1928 0.497407 0.708506
1929 0.497667 0.708657
1930 0.497927 0.708808
1931 0.497670 0.708441
1932 0.497930 0.708075
1933 0.498189 0.708226
1934 0.497932 0.708376
1935 0.498191 0.708527
1936 0.497934 0.708678
1937 0.498193 0.708312
1938 0.498452 0.708462
1939 0.498195 0.708613
1940 0.498454 0.708763
1941 0.498197 0.708913
1942 0.497940 0.708548
1943 0.498199 0.708698
1944 0.498457 0.708848
1945 0.498715 0.708483
1946 0.498972 0.708119
1947 0.499230 0.708269
1948 0.498973 0.708419
1949 0.499230 0.708055
1950 0.498974 0.708205
1951 0.498719 0.708355
1952 0.498975 0.707992
1953 0.498720 0.708141
1954 0.498976 0.708291
1955 0.498721 0.708440
1956 0.498466 0.708589
1957 0.498723 0.708738
1958 0.498468 0.708887
1959 0.498724 0.709035
1960 0.498980 0.709184
1961 0.498725 0.709332
1962 0.498981 0.709480
1963 0.499236 0.709628
1964 0.498982 0.709776
1965 0.499237 0.709415
1966 0.498983 0.709563
1967 0.498729 0.709710
1968 0.498984 0.709858
1969 0.499238 0.710005
1970 0.498985 0.710152
1971 0.498732 0.710299
1972 0.498479 0.710446
1973 0.498733 0.710593
1974 0.498987 0.710740
1975 0.499241 0.710886
1976 0.499494 0.711032
1977 0.499747 0.710673
1978 0.500000 0.710819
1979 0.500253 0.710965
1980 0.500505 0.710606
1981 0.500757 0.710247
1982 0.500505 0.709889
1983 0.500756 0.710035
1984 0.501008 0.710181
1985 0.501259 0.710327
1986 0.501511 0.710473
1987 0.501258 0.710619
1988 0.501509 0.710765
1989 0.501257 0.710910
1990 0.501005 0.711055
1991 0.501256 0.711200
1992 0.501506 0.711345
1993 0.501756 0.711490
1994 0.501505 0.711635
1995 0.501253 0.711779
1996 0.501002 0.711924
1997 0.500751 0.711567
1998 0.500501 0.711712
1999 0.500750 0.711856
2000 0.500500 0.712000
2001 0.500250 0.712144
2002 0.500500 0.712288
2003 0.500250 0.712431
2004 0.500499 0.712575
2005 0.500249 0.712219
2006 0.500499 0.712363
2007 0.500249 0.712506
2008 0.500000 0.712649
2009 0.500249 0.712792
2010 0.500000 0.712935
2011 0.499751 0.713078
2012 0.499503 0.712724
2013 0.499255 0.712866
2014 0.499007 0.713009
2015 0.498759 0.713151
2016 0.498512 0.713294
2017 0.498265 0.713436
2018 0.498018 0.713578
2019 0.497771 0.713224
2020 0.497525 0.712871
2021 0.497279 0.712519
2022 0.497527 0.712661
2023 0.497776 0.712803
2024 0.497530 0.712945
2025 0.497284 0.713086
2026 0.497038 0.713228
2027 0.497287 0.713370
2028 0.497041 0.713018
2029 0.496796 0.712666
2030 0.496552 0.712315
2031 0.496307 0.712457
2032 0.496555 0.712598
2033 0.496311 0.712740
2034 0.496559 0.712881
2035 0.496806 0.712531
2036 0.497053 0.712181
2037 0.496809 0.712322
2038 0.496565 0.712463
2039 0.496812 0.712604
2040 0.497059 0.712745
2041 0.497305 0.712396
2042 0.497062 0.712537
2043 0.497308 0.712188
2044 0.497554 0.712329
2045 0.497800 0.711980
2046 0.498045 0.712121
2047 0.498290 0.712262
2048 0.498047 0.711914
2049 0.497804 0.712055
2050 0.498049 0.712195
2051 0.498294 0.712335
2052 0.498538 0.712476
2053 0.498782 0.712616
2054 0.498539 0.712756
2055 0.498297 0.712895
2056 0.498054 0.713035
2057 0.497812 0.712688
2058 0.498056 0.712828
2059 0.497814 0.712482
2060 0.498058 0.712621
2061 0.498302 0.712761
2062 0.498060 0.712900
2063 0.497819 0.712555
2064 0.497578 0.712694
2065 0.497821 0.712833
2066 0.497580 0.712972
2067 0.497823 0.713111
2068 0.497582 0.713250
2069 0.497825 0.713388
2070 0.498068 0.713043
2071 0.498310 0.713182
2072 0.498069 0.713320
2073 0.497829 0.712976
2074 0.497589 0.713115
2075 0.497831 0.712771
2076 0.498073 0.712909
2077 0.497833 0.712566
2078 0.497594 0.712705
2079 0.497835 0.712843
2080 0.498077 0.712500
2081 0.498318 0.712638
2082 0.498079 0.712776
2083 0.498320 0.712914
2084 0.498081 0.712572
2085 0.497842 0.712710
2086 0.498082 0.712368
2087 0.497844 0.712506
2088 0.498084 0.712644
2089 0.497846 0.712781
2090 0.498086 0.712440
2091 0.497848 0.712578
2092 0.498088 0.712715
2093 0.498328 0.712852
2094 0.498090 0.712989
2095 0.498329 0.712649
2096 0.498092 0.712786
2097 0.497854 0.712446
2098 0.497617 0.712107
2099 0.497380 0.712244
2100 0.497619 0.712381
2101 0.497858 0.712518
2102 0.497621 0.712655
2103 0.497860 0.712316
2104 0.497624 0.712452
2105 0.497862 0.712114
2106 0.498101 0.712251
2107 0.498339 0.712387
2108 0.498102 0.712524
2109 0.497866 0.712186
2110 0.498104 0.712322
2111 0.497868 0.712459
2112 0.498106 0.712121
2113 0.497870 0.711784
2114 0.498108 0.711921
2115 0.498345 0.712057
2116 0.498110 0.712193
2117 0.497874 0.712329
2118 0.498111 0.712465
2119 0.498348 0.712600
2120 0.498113 0.712736
2121 0.498350 0.712871
2122 0.498115 0.713007
2123 0.497880 0.713142
2124 0.497646 0.713277
2125 0.497412 0.713412
2126 0.497178 0.713547
2127 0.497414 0.713211
2128 0.497650 0.712876
2129 0.497886 0.712541
2130 0.497653 0.712207
2131 0.497888 0.712342
2132 0.498124 0.712477
2133 0.497890 0.712611
2134 0.498126 0.712746
2135 0.498361 0.712881
2136 0.498596 0.712547
2137 0.498830 0.712681
2138 0.498597 0.712348
2139 0.498364 0.712482
2140 0.498598 0.712617
2141 0.498365 0.712751
2142 0.498599 0.712885
2143 0.498833 0.713019
2144 0.499067 0.712687
2145 0.499301 0.712821
2146 0.499534 0.712954
2147 0.499301 0.713088
2148 0.499069 0.713222
2149 0.498837 0.713355
2150 0.498605 0.713488
2151 0.498373 0.713622
2152 0.498606 0.713290
2153 0.498374 0.713423
2154 0.498607 0.713556
2155 0.498840 0.713689
2156 0.498609 0.713822
2157 0.498841 0.713491
2158 0.499073 0.713624
2159 0.499305 0.713293
2160 0.499537 0.712963
2161 0.499769 0.713096
2162 0.499537 0.712766
2163 0.499769 0.712899
2164 0.500000 0.713031
2165 0.499769 0.713164
2166 0.499538 0.712835
2167 0.499769 0.712967
2168 0.500000 0.713100
2169 0.499769 0.712771
2170 0.500000 0.712903
2171 0.500230 0.713035
2172 0.500000 0.712707
2173 0.499770 0.712839
2174 0.500000 0.712971
2175 0.499770 0.713103
2176 0.499540 0.713235
2177 0.499311 0.713367
2178 0.499541 0.713039
2179 0.499771 0.713171
2180 0.500000 0.713303
2181 0.499771 0.713434
2182 0.500000 0.713566
2183 0.500229 0.713697
2184 0.500000 0.713828
2185 0.500229 0.713501
2186 0.500457 0.713632
2187 0.500229 0.713763
2188 0.500457 0.713894
2189 0.500685 0.713568
2190 0.500457 0.713242
2191 0.500685 0.712916
2192 0.500912 0.712591
2193 0.500684 0.712266
2194 0.500456 0.712397
2195 0.500683 0.712528
2196 0.500455 0.712659
2197 0.500228 0.712790
2198 0.500000 0.712921
2199 0.500227 0.713051
2200 0.500455 0.713182
2201 0.500682 0.713312
2202 0.500454 0.713442
2203 0.500681 0.713118
2204 0.500454 0.713249
2205 0.500680 0.712925
2206 0.500453 0.712602
2207 0.500227 0.712732
2208 0.500453 0.712409
2209 0.500679 0.712087
2210 0.500905 0.712217
2211 0.500678 0.711895
2212 0.500452 0.712025
2213 0.500678 0.712155
2214 0.500903 0.712285
2215 0.500677 0.712415
2216 0.500903 0.712545
2217 0.500677 0.712224
2218 0.500451 0.712353
2219 0.500676 0.712032
2220 0.500450 0.711712
2221 0.500675 0.711842
2222 0.500450 0.711971
2223 0.500225 0.712101
2224 0.500000 0.712230
2225 0.499775 0.712360
2226 0.499551 0.712489
2227 0.499326 0.712618
2228 0.499102 0.712298
2229 0.498878 0.712427
2230 0.498655 0.712556
2231 0.498431 0.712685
2232 0.498208 0.712814
2233 0.498433 0.712942
2234 0.498657 0.713071
2235 0.498434 0.713199
2236 0.498658 0.713327
2237 0.498882 0.713456
2238 0.498660 0.713584
2239 0.498437 0.713711
2240 0.498661 0.713839
2241 0.498884 0.713521
2242 0.498662 0.713202
2243 0.498440 0.713330
2244 0.498217 0.713458
2245 0.497996 0.713140
2246 0.497774 0.712823
2247 0.497552 0.712951
2248 0.497331 0.713078
2249 0.497554 0.713206
2250 0.497778 0.713333
2251 0.498001 0.713461
2252 0.498224 0.713588
2253 0.498447 0.713715
2254 0.498225 0.713398
2255 0.498004 0.713525
2256 0.498227 0.713209
2257 0.498449 0.712893
2258 0.498229 0.712578
2259 0.498008 0.712705
2260 0.498230 0.712389
2261 0.498010 0.712517
2262 0.498232 0.712202
2263 0.498011 0.712329
2264 0.498233 0.712014
2265 0.498455 0.712141
2266 0.498676 0.712268
2267 0.498456 0.712395
2268 0.498677 0.712522
2269 0.498457 0.712649
2270 0.498678 0.712775
2271 0.498899 0.712461
2272 0.499120 0.712588
2273 0.498900 0.712714
2274 0.499120 0.712401
2275 0.498901 0.712527
2276 0.499121 0.712654
2277 0.499341 0.712780
2278 0.499561 0.712906
2279 0.499781 0.713032
2280 0.499561 0.712719
2281 0.499781 0.712845
2282 0.500000 0.712971
2283 0.499781 0.712659
2284 0.499562 0.712347
2285 0.499344 0.712035
2286 0.499125 0.712161
2287 0.498907 0.712287
2288 0.499126 0.711976
2289 0.498908 0.711664
2290 0.499127 0.711354
2291 0.499345 0.711480
2292 0.499127 0.711606
2293 0.498910 0.711295
2294 0.498692 0.710985
2295 0.498475 0.711111
2296 0.498258 0.711237
2297 0.498041 0.711363
2298 0.497824 0.711488
2299 0.497608 0.711614
2300 0.497826 0.711739
2301 0.498044 0.711864
2302 0.497828 0.711990
2303 0.498046 0.712115
2304 0.498264 0.711806
2305 0.498048 0.711931
2306 0.497832 0.712056
2307 0.497616 0.711747
2308 0.497400 0.711438
2309 0.497618 0.711563
2310 0.497403 0.711688
2311 0.497187 0.711813
2312 0.497405 0.711505
2313 0.497190 0.711630
2314 0.496975 0.711322
2315 0.496760 0.711015
2316 0.496978 0.711140
2317 0.496763 0.710833
2318 0.496980 0.710958
2319 0.496766 0.710651
2320 0.496552 0.710345
2321 0.496769 0.710470
2322 0.496555 0.710594
2323 0.496341 0.710719
2324 0.496558 0.710843
2325 0.496774 0.710538
2326 0.496991 0.710662
2327 0.496777 0.710357
2328 0.496993 0.710481
2329 0.496780 0.710605
2330 0.496996 0.710730
2331 0.497211 0.710425
2332 0.497427 0.710549
2333 0.497214 0.710673
2334 0.497429 0.710368
2335 0.497216 0.710493
2336 0.497003 0.710616
2337 0.496791 0.710312
2338 0.497006 0.710436
2339 0.497221 0.710133
2340 0.497436 0.709829
2341 0.497223 0.709526
2342 0.497011 0.709650
2343 0.496799 0.709347
2344 0.496587 0.709471
2345 0.496375 0.709595
2346 0.496590 0.709719
2347 0.496378 0.709842
2348 0.496167 0.709966
2349 0.495956 0.709664
2350 0.496170 0.709787
2351 0.495959 0.709911
2352 0.495748 0.710034
2353 0.495963 0.709732
2354 0.496177 0.709431
2355 0.496391 0.709554
2356 0.496604 0.709253
2357 0.496394 0.709376
2358 0.496607 0.709500
2359 0.496821 0.709623
2360 0.497034 0.709322
2361 0.496823 0.709445
2362 0.496613 0.709568
2363 0.496826 0.709691
2364 0.496616 0.709391
2365 0.496829 0.709514
2366 0.497041 0.709637
2367 0.496831 0.709759
2368 0.497044 0.709882
2369 0.496834 0.710004
2370 0.497046 0.710127
2371 0.496837 0.710249
2372 0.496627 0.710371
2373 0.496418 0.710493
2374 0.496630 0.710194
2375 0.496842 0.710316
2376 0.496633 0.710438
2377 0.496424 0.710560
2378 0.496215 0.710681
2379 0.496427 0.710803
2380 0.496218 0.710504
2381 0.496010 0.710206
2382 0.496222 0.710327
2383 0.496433 0.710449
2384 0.496644 0.710151
2385 0.496855 0.710273
2386 0.497066 0.710394
2387 0.497277 0.710096
2388 0.497487 0.710218
2389 0.497279 0.710339
2390 0.497071 0.710460
2391 0.497281 0.710581
2392 0.497074 0.710702
2393 0.497284 0.710823
2394 0.497494 0.710944
2395 0.497286 0.711065
2396 0.497078 0.711185
2397 0.496871 0.710889
2398 0.497081 0.711009
2399 0.497291 0.710713
2400 0.497083 0.710417
2401 0.496876 0.710537
2402 0.496669 0.710241
2403 0.496879 0.709946
2404 0.496672 0.710067
2405 0.496466 0.710187
2406 0.496259 0.710308
2407 0.496469 0.710012
2408 0.496678 0.710133
2409 0.496472 0.710253
2410 0.496680 0.710373
2411 0.496474 0.710079
2412 0.496269 0.710199
2413 0.496477 0.709905
2414 0.496686 0.710025
2415 0.496894 0.710145
2416 0.497103 0.710265
2417 0.497311 0.710385
2418 0.497105 0.710505
2419 0.496900 0.710624
2420 0.496694 0.710331
2421 0.496489 0.710450
2422 0.496697 0.710570
2423 0.496492 0.710689
2424 0.496287 0.710396
2425 0.496082 0.710103
2426 0.496290 0.709810
2427 0.496498 0.709930
2428 0.496293 0.709638
2429 0.496501 0.709757
2430 0.496296 0.709465
2431 0.496092 0.709585
2432 0.496299 0.709704
2433 0.496095 0.709823
2434 0.496302 0.709942
2435 0.496509 0.710062
2436 0.496716 0.710181
2437 0.496922 0.710300
2438 0.497129 0.710418
2439 0.497335 0.710537
2440 0.497131 0.710246
2441 0.496927 0.709955
2442 0.497133 0.710074
2443 0.496930 0.709783
2444 0.497136 0.709902
2445 0.496933 0.710020
2446 0.496729 0.710139
2447 0.496935 0.710257
2448 0.496732 0.710376
2449 0.496529 0.710086
2450 0.496327 0.710204
2451 0.496124 0.710322
2452 0.496330 0.710440
2453 0.496535 0.710558
2454 0.496740 0.710676
2455 0.496538 0.710794
2456 0.496336 0.710912
2457 0.496133 0.710623
2458 0.495932 0.710740
2459 0.496137 0.710858
2460 0.495935 0.710569
2461 0.496140 0.710687
2462 0.496344 0.710804
2463 0.496549 0.710516
2464 0.496347 0.710633
2465 0.496146 0.710345
2466 0.495945 0.710462
2467 0.496149 0.710174
2468 0.495948 0.710292
2469 0.496152 0.710004
2470 0.495951 0.710121
2471 0.495751 0.710239
2472 0.495550 0.710356
2473 0.495754 0.710069
2474 0.495554 0.710186
2475 0.495354 0.710303
2476 0.495153 0.710016
2477 0.494954 0.709730
2478 0.494754 0.709847
2479 0.494554 0.709964
2480 0.494758 0.709677
2481 0.494962 0.709794
2482 0.495165 0.709508
2483 0.494966 0.709625
2484 0.494767 0.709742
2485 0.494567 0.709457
2486 0.494368 0.709574
2487 0.494572 0.709288
2488 0.494775 0.709405
2489 0.494576 0.709522
2490 0.494378 0.709639
2491 0.494580 0.709354
2492 0.494783 0.709069
2493 0.494986 0.709186
2494 0.494787 0.709302
2495 0.494589 0.709419
2496 0.494792 0.709535
2497 0.494994 0.709652
2498 0.494796 0.709367
2499 0.494598 0.709484
2500 0.494800 0.709200
2501 0.494602 0.709316
2502 0.494804 0.709033
2503 0.494606 0.709149
2504 0.494409 0.709265
2505 0.494611 0.709381
2506 0.494812 0.709098
2507 0.495014 0.709214
2508 0.494817 0.709330
2509 0.495018 0.709446
2510 0.495219 0.709163
2511 0.495420 0.708881
2512 0.495223 0.708997
2513 0.495424 0.708715
2514 0.495625 0.708831
2515 0.495825 0.708946
2516 0.496025 0.709062
2517 0.495828 0.708780
2518 0.495631 0.708499
2519 0.495832 0.708615
2520 0.496032 0.708730
2521 0.496232 0.708846
2522 0.496035 0.708961
2523 0.495838 0.709076
2524 0.496038 0.709192
2525 0.496238 0.709307
2526 0.496437 0.709422
2527 0.496241 0.709537
2528 0.496044 0.709652
2529 0.495848 0.709767
2530 0.495652 0.709881
2531 0.495456 0.709996
2532 0.495656 0.710111
2533 0.495855 0.710225
2534 0.495659 0.710339
2535 0.495858 0.710059
2536 0.496057 0.710174
2537 0.495861 0.710288
2538 0.496060 0.710402
2539 0.495865 0.710516
2540 0.495669 0.710236
2541 0.495868 0.710350
2542 0.495673 0.710464
2543 0.495871 0.710578
2544 0.495676 0.710692
2545 0.495481 0.710413
2546 0.495679 0.710526
2547 0.495878 0.710640
2548 0.495683 0.710754
2549 0.495488 0.710867
2550 0.495294 0.710980
2551 0.495492 0.710702
2552 0.495690 0.710815
2553 0.495495 0.710928
2554 0.495301 0.711042
2555 0.495108 0.711155
2556 0.494914 0.711268
2557 0.495111 0.711381
2558 0.494918 0.711493
2559 0.494725 0.711606
2560 0.494531 0.711719
2561 0.494729 0.711441
2562 0.494926 0.711553
2563 0.494733 0.711276
2564 0.494540 0.710998
2565 0.494347 0.711111
2566 0.494154 0.711224
2567 0.494351 0.710947
2568 0.494159 0.711059
2569 0.494356 0.711172
2570 0.494163 0.710895
2571 0.493971 0.710618
2572 0.494168 0.710342
2573 0.493976 0.710455
2574 0.493784 0.710567
2575 0.493592 0.710680
2576 0.493789 0.710404
2577 0.493985 0.710128
2578 0.493794 0.710240
2579 0.493990 0.710353
2580 0.494186 0.710465
2581 0.493995 0.710577
2582 0.494191 0.710689
2583 0.494386 0.710414
2584 0.494582 0.710526
2585 0.494391 0.710638
2586 0.494586 0.710750
2587 0.494395 0.710862
2588 0.494590 0.710974
2589 0.494399 0.710699
2590 0.494208 0.710811
2591 0.494404 0.710922
2592 0.494599 0.711034
2593 0.494794 0.711145
2594 0.494603 0.711257
2595 0.494412 0.711368
2596 0.494222 0.711479
2597 0.494417 0.711205
2598 0.494226 0.711316
2599 0.494036 0.711043
2600 0.494231 0.710769
2601 0.494041 0.710880
2602 0.494235 0.710992
2603 0.494430 0.710718
2604 0.494624 0.710829
2605 0.494818 0.710940
2606 0.495012 0.711051
2607 0.495205 0.710779
2608 0.495015 0.710890
2609 0.494826 0.711000
2610 0.494636 0.710728
2611 0.494830 0.710839
2612 0.494640 0.710567
2613 0.494834 0.710677
2614 0.494644 0.710406
2615 0.494837 0.710516
2616 0.494648 0.710245
2617 0.494459 0.709973
2618 0.494652 0.710084
2619 0.494464 0.709813
2620 0.494275 0.709924
2621 0.494468 0.710034
2622 0.494279 0.710145
2623 0.494091 0.710255
2624 0.494284 0.709985
2625 0.494476 0.710095
2626 0.494288 0.710206
2627 0.494100 0.710316
2628 0.494292 0.710426
2629 0.494104 0.710156
2630 0.494297 0.710266
2631 0.494109 0.710376
2632 0.494301 0.710106
2633 0.494113 0.710216
2634 0.494305 0.710326
2635 0.494497 0.710436
2636 0.494310 0.710546
2637 0.494501 0.710277
2638 0.494693 0.710387
2639 0.494884 0.710496
2640 0.494697 0.710227
2641 0.494888 0.710337
2642 0.494701 0.710447
2643 0.494892 0.710556
2644 0.494705 0.710666
2645 0.494518 0.710397
2646 0.494331 0.710506
2647 0.494522 0.710616
2648 0.494713 0.710725
2649 0.494904 0.710834
2650 0.495094 0.710566
2651 0.495285 0.710675
2652 0.495098 0.710407
2653 0.494911 0.710516
2654 0.495102 0.710625
2655 0.495292 0.710734
2656 0.495105 0.710843
2657 0.494919 0.710952
2658 0.495109 0.710685
2659 0.494923 0.710417
2660 0.494737 0.710150
2661 0.494551 0.709884
2662 0.494365 0.709992
2663 0.494555 0.710101
2664 0.494369 0.709835
2665 0.494559 0.709944
2666 0.494749 0.710053
2667 0.494938 0.709786
2668 0.495127 0.709895
2669 0.494942 0.710004
2670 0.495131 0.710112
2671 0.495320 0.709846
2672 0.495509 0.709955
2673 0.495324 0.709689
2674 0.495138 0.709424
2675 0.494953 0.709533
2676 0.495142 0.709641
2677 0.495331 0.709750
2678 0.495519 0.709858
2679 0.495334 0.709966
2680 0.495522 0.710075
2681 0.495711 0.710183
2682 0.495526 0.709918
2683 0.495341 0.710026
2684 0.495156 0.709762
2685 0.495345 0.709497
2686 0.495160 0.709605
2687 0.495348 0.709713
2688 0.495536 0.709821
2689 0.495351 0.709929
2690 0.495167 0.710037
2691 0.494983 0.709773
2692 0.494799 0.709881
2693 0.494987 0.709989
2694 0.495174 0.710097
2695 0.494991 0.710204
2696 0.495178 0.710312
2697 0.494994 0.710419
2698 0.494811 0.710526
2699 0.494998 0.710263
2700 0.495185 0.710370
2701 0.495372 0.710478
2702 0.495189 0.710585
2703 0.495376 0.710692
2704 0.495192 0.710799
2705 0.495009 0.710906
2706 0.494826 0.710643
2707 0.494644 0.710380
2708 0.494461 0.710487
2709 0.494278 0.710594
2710 0.494096 0.710332
2711 0.494283 0.710439
2712 0.494469 0.710177
2713 0.494655 0.710284
2714 0.494842 0.710391
2715 0.495028 0.710497
2716 0.494845 0.710604
2717 0.494663 0.710710
2718 0.494481 0.710817
2719 0.494667 0.710555
2720 0.494485 0.710662
2721 0.494304 0.710401
2722 0.494122 0.710507
2723 0.494308 0.710613
2724 0.494126 0.710720
2725 0.494312 0.710826
2726 0.494131 0.710932
2727 0.494316 0.711038
2728 0.494135 0.711144
2729 0.494320 0.711250
2730 0.494139 0.711355
2731 0.494324 0.711461
2732 0.494143 0.711567
2733 0.494329 0.711306
2734 0.494148 0.711412
2735 0.494333 0.711517
2736 0.494518 0.711623
2737 0.494337 0.711363
2738 0.494156 0.711468
2739 0.493976 0.711208
2740 0.494161 0.711314
2741 0.493980 0.711419
2742 0.494165 0.711160
2743 0.494349 0.710900
2744 0.494534 0.711006
2745 0.494353 0.711111
2746 0.494173 0.710852
2747 0.493993 0.710957
2748 0.494178 0.710699
2749 0.494362 0.710440
2750 0.494545 0.710545
2751 0.494729 0.710651
2752 0.494549 0.710392
2753 0.494733 0.710498
2754 0.494553 0.710240
2755 0.494374 0.710345
2756 0.494194 0.710450
2757 0.494015 0.710555
2758 0.493836 0.710660
2759 0.494020 0.710765
2760 0.493841 0.710870
2761 0.494024 0.710612
2762 0.494207 0.710717
2763 0.494390 0.710822
2764 0.494573 0.710564
2765 0.494394 0.710669
2766 0.494577 0.710774
2767 0.494760 0.710878
2768 0.494581 0.710621
2769 0.494402 0.710726
2770 0.494585 0.710830
2771 0.494406 0.710935
2772 0.494589 0.710678
2773 0.494771 0.710422
2774 0.494593 0.710526
2775 0.494775 0.710631
2776 0.494957 0.710375
2777 0.494779 0.710479
2778 0.494960 0.710583
2779 0.495142 0.710327
2780 0.495324 0.710072
2781 0.495505 0.710176
2782 0.495687 0.709921
2783 0.495868 0.709666
2784 0.496049 0.709770
2785 0.496230 0.709515
2786 0.496411 0.709620
2787 0.496233 0.709365
2788 0.496413 0.709110
2789 0.496594 0.709215
2790 0.496774 0.709319
2791 0.496954 0.709423
2792 0.497135 0.709527
2793 0.496957 0.709631
2794 0.496779 0.709377
2795 0.496959 0.709481
2796 0.496781 0.709585
2797 0.496961 0.709689
2798 0.497141 0.709793
2799 0.497320 0.709896
2800 0.497500 0.710000
2801 0.497679 0.710104
2802 0.497502 0.710207
2803 0.497324 0.709954
2804 0.497504 0.710057
2805 0.497326 0.710160
2806 0.497505 0.710264
2807 0.497684 0.710011
2808 0.497863 0.710114
2809 0.498042 0.710217
2810 0.497865 0.710320
2811 0.498043 0.710423
2812 0.498222 0.710526
2813 0.498045 0.710629
2814 0.497868 0.710732
2815 0.498046 0.710835
2816 0.498224 0.710938
2817 0.498403 0.710685
2818 0.498581 0.710788
2819 0.498404 0.710890
2820 0.498582 0.710638
2821 0.498759 0.710741
2822 0.498937 0.710489
2823 0.498760 0.710237
2824 0.498584 0.709986
2825 0.498761 0.710088
2826 0.498938 0.709837
2827 0.498762 0.709940
2828 0.498586 0.709689
2829 0.498763 0.709438
2830 0.498940 0.709541
2831 0.499117 0.709643
2832 0.499294 0.709746
2833 0.499471 0.709848
2834 0.499294 0.709598
2835 0.499471 0.709700
2836 0.499647 0.709803
2837 0.499824 0.709905
2838 0.499648 0.709655
2839 0.499824 0.709757
2840 0.499648 0.709859
2841 0.499472 0.709961
2842 0.499648 0.710063
2843 0.499824 0.710165
2844 0.500000 0.710267
2845 0.500176 0.710018
2846 0.500000 0.710119
2847 0.499824 0.710221
2848 0.500000 0.710323
2849 0.499824 0.710425
2850 0.500000 0.710526
2851 0.499825 0.710628
2852 0.500000 0.710379
2853 0.500175 0.710480
2854 0.500000 0.710582
2855 0.499825 0.710333
2856 0.499650 0.710434
2857 0.499825 0.710536
2858 0.500000 0.710637
2859 0.499825 0.710738
2860 0.500000 0.710839
2861 0.500175 0.710940
2862 0.500000 0.710692
2863 0.499825 0.710793
2864 0.500000 0.710894
2865 0.500175 0.710995
2866 0.500349 0.711096
2867 0.500523 0.711196
2868 0.500697 0.710948
2869 0.500871 0.711049
2870 0.501045 0.711150
2871 0.501219 0.711250
2872 0.501393 0.711351
2873 0.501566 0.711451
2874 0.501740 0.711552
2875 0.501565 0.711304
2876 0.501739 0.711405
2877 0.501912 0.711157
2878 0.502085 0.711258
2879 0.502258 0.711011
2880 0.502083 0.711111
2881 0.502256 0.711211
2882 0.502082 0.711312
2883 0.502255 0.711412
2884 0.502080 0.711512
2885 0.502253 0.711265
2886 0.502079 0.711019
2887 0.501905 0.710772
2888 0.501731 0.710873
2889 0.501904 0.710973
2890 0.501730 0.710727
2891 0.501902 0.710827
2892 0.501729 0.710581
2893 0.501555 0.710681
2894 0.501382 0.710435
2895 0.501209 0.710190
2896 0.501036 0.710290
2897 0.500863 0.710390
2898 0.501035 0.710490
2899 0.501207 0.710590
2900 0.501034 0.710690
2901 0.500862 0.710789
2902 0.500689 0.710889
2903 0.500861 0.710644
2904 0.501033 0.710399
2905 0.501205 0.710499
2906 0.501376 0.710599
2907 0.501204 0.710698
2908 0.501376 0.710798
2909 0.501203 0.710897
2910 0.501375 0.710997
2911 0.501202 0.711096
2912 0.501030 0.711195
2913 0.500858 0.710951
2914 0.501030 0.710707
2915 0.500858 0.710463
2916 0.500686 0.710562
2917 0.500514 0.710662
2918 0.500343 0.710761
2919 0.500514 0.710517
2920 0.500685 0.710616
2921 0.500856 0.710716
2922 0.500684 0.710815
2923 0.500513 0.710913
2924 0.500342 0.711012
2925 0.500513 0.711111
2926 0.500684 0.711210
2927 0.500512 0.711309
2928 0.500342 0.711407
2929 0.500171 0.711506
2930 0.500341 0.711604
2931 0.500171 0.711702
2932 0.500000 0.711801
2933 0.500170 0.711899
2934 0.500341 0.711997
2935 0.500170 0.711755
2936 0.500341 0.711853
2937 0.500170 0.711610
2938 0.500340 0.711709
2939 0.500170 0.711807
2940 0.500340 0.711905
2941 0.500510 0.711663
2942 0.500680 0.711761
2943 0.500849 0.711859
2944 0.501019 0.711957
2945 0.500849 0.712054
2946 0.500679 0.712152
2947 0.500509 0.711910
2948 0.500339 0.712008
2949 0.500170 0.712106
2950 0.500000 0.712203
2951 0.500169 0.712301
2952 0.500339 0.712398
2953 0.500508 0.712496
2954 0.500339 0.712593
2955 0.500508 0.712690
2956 0.500677 0.712449
2957 0.500845 0.712208
2958 0.501014 0.711968
2959 0.500845 0.712065
2960 0.500676 0.711824
2961 0.500844 0.711922
2962 0.500675 0.711681
2963 0.500844 0.711779
2964 0.501012 0.711876
2965 0.501180 0.711636
2966 0.501349 0.711396
2967 0.501180 0.711493
2968 0.501011 0.711590
2969 0.500842 0.711351
2970 0.501010 0.711448
2971 0.500841 0.711208
2972 0.501009 0.711306
2973 0.501177 0.711403
2974 0.501009 0.711163
2975 0.501176 0.711261
2976 0.501344 0.711358
2977 0.501512 0.711454
2978 0.501679 0.711551
2979 0.501511 0.711648
2980 0.501678 0.711409
2981 0.501845 0.711171
2982 0.501677 0.711268
2983 0.501509 0.711364
2984 0.501676 0.711461
2985 0.501843 0.711223
2986 0.501674 0.711319
2987 0.501841 0.711416
2988 0.501673 0.711178
2989 0.501840 0.711275
2990 0.501672 0.711371
2991 0.501839 0.711468
2992 0.502005 0.711230
2993 0.502172 0.710992
2994 0.502338 0.711089
2995 0.502170 0.711185
2996 0.502003 0.710948
2997 0.501835 0.711044
2998 0.501668 0.711141
2999 0.501834 0.710904
3000 0.501667 0.711000
3001 0.501500 0.710763
3002 0.501666 0.710526
3003 0.501499 0.710290
3004 0.501664 0.710386
3005 0.501830 0.710483
3006 0.501663 0.710579
3007 0.501829 0.710675
3008 0.501995 0.710771
3009 0.501828 0.710535
3010 0.501661 0.710631
3011 0.501495 0.710395
3012 0.501328 0.710491
3013 0.501162 0.710256
3014 0.500995 0.710020
3015 0.501161 0.710116
3016 0.500995 0.709881
3017 0.500829 0.709977
3018 0.500663 0.709742
3019 0.500828 0.709838
3020 0.500662 0.709934
3021 0.500828 0.710030
3022 0.500662 0.710126
3023 0.500496 0.709891
3024 0.500331 0.709987
3025 0.500496 0.709752
3026 0.500330 0.709848
3027 0.500496 0.709944
3028 0.500661 0.710040
3029 0.500495 0.710135
3030 0.500660 0.709901
3031 0.500825 0.709997
3032 0.500989 0.710092
3033 0.501154 0.710188
3034 0.501318 0.709954
3035 0.501483 0.709720
3036 0.501318 0.709816
3037 0.501152 0.709911
3038 0.501317 0.710007
3039 0.501481 0.709773
3040 0.501645 0.709868
3041 0.501480 0.709964
3042 0.501315 0.710059
3043 0.501479 0.709826
3044 0.501643 0.709921
3045 0.501478 0.710016
3046 0.501313 0.710112
3047 0.501149 0.710207
3048 0.500984 0.710302
3049 0.501148 0.710397
3050 0.501311 0.710164
3051 0.501475 0.710259
3052 0.501638 0.710354
3053 0.501802 0.710449
3054 0.501965 0.710216
3055 0.501800 0.710311
3056 0.501636 0.710406
3057 0.501799 0.710173
3058 0.501962 0.710268
3059 0.501798 0.710363
3060 0.501634 0.710131
3061 0.501470 0.710225
3062 0.501306 0.710320
3063 0.501469 0.710088
3064 0.501305 0.710183
3065 0.501468 0.710277
3066 0.501631 0.710372
3067 0.501793 0.710140
3068 0.501630 0.710235
3069 0.501792 0.710329
3070 0.501629 0.710423
3071 0.501465 0.710518
3072 0.501628 0.710612
3073 0.501790 0.710706
3074 0.501952 0.710800
3075 0.501789 0.710894
3076 0.501951 0.710988
3077 0.501787 0.710757
3078 0.501624 0.710526
3079 0.501462 0.710620
3080 0.501299 0.710714
3081 0.501461 0.710808
3082 0.501622 0.710902
3083 0.501784 0.710996
3084 0.501621 0.711089
3085 0.501459 0.711183
3086 0.501296 0.710953
3087 0.501458 0.711046
3088 0.501295 0.711140
3089 0.501133 0.710910
3090 0.500971 0.710680
3091 0.500809 0.710450
3092 0.500970 0.710543
3093 0.500808 0.710637
3094 0.500646 0.710407
3095 0.500808 0.710178
3096 0.500646 0.710271
3097 0.500807 0.710365
3098 0.500968 0.710458
3099 0.501129 0.710552
3100 0.501290 0.710645
3101 0.501451 0.710738
3102 0.501289 0.710832
3103 0.501450 0.710925
3104 0.501289 0.711018
3105 0.501449 0.710789
3106 0.501288 0.710882
3107 0.501126 0.710975
3108 0.500965 0.711068
3109 0.500804 0.710839
3110 0.500965 0.710932
3111 0.500804 0.711025
3112 0.500643 0.711118
3113 0.500803 0.710890
3114 0.500963 0.710983
3115 0.500803 0.710754
3116 0.500642 0.710847
3117 0.500802 0.710619
3118 0.500641 0.710712
3119 0.500802 0.710805
3120 0.500962 0.710897
3121 0.501121 0.710990
3122 0.500961 0.711083
3123 0.501121 0.710855
3124 0.501280 0.710948
3125 0.501120 0.711040
3126 0.501280 0.710813
3127 0.501439 0.710905
3128 0.501279 0.710997
3129 0.501438 0.711090
3130 0.501278 0.710863
3131 0.501118 0.710636
3132 0.500958 0.710728
3133 0.501117 0.710820
3134 0.500957 0.710913
3135 0.500797 0.711005
3136 0.500957 0.711097
3137 0.501116 0.711189
3138 0.500956 0.711281
3139 0.500796 0.711373
3140 0.500637 0.711465
3141 0.500796 0.711238
3142 0.500955 0.711330
3143 0.501114 0.711104
3144 0.500954 0.710878
3145 0.501113 0.710970
3146 0.501271 0.711062
3147 0.501430 0.711153
3148 0.501588 0.711245
3149 0.501747 0.711019
3150 0.501905 0.711111
3151 0.501745 0.711203
3152 0.501586 0.710977
3153 0.501744 0.711069
3154 0.501902 0.711160
3155 0.502060 0.711252
3156 0.502218 0.711343
3157 0.502059 0.711435
3158 0.501900 0.711526
3159 0.502058 0.711301
3160 0.501899 0.711392
3161 0.502056 0.711167
3162 0.502214 0.711259
3163 0.502371 0.711034
3164 0.502212 0.711125
3165 0.502370 0.711216
3166 0.502527 0.710992
3167 0.502684 0.711083
3168 0.502841 0.711174
3169 0.502998 0.710950
3170 0.503155 0.711041
3171 0.502996 0.710817
3172 0.503153 0.710908
3173 0.502994 0.710684
3174 0.502836 0.710460
3175 0.502677 0.710236
3176 0.502519 0.710013
3177 0.502361 0.710104
3178 0.502517 0.709880
3179 0.502359 0.709972
3180 0.502201 0.710063
3181 0.502358 0.709840
3182 0.502514 0.709931
3183 0.502356 0.710022
3184 0.502513 0.710113
3185 0.502355 0.710204
3186 0.502197 0.710295
3187 0.502353 0.710072
3188 0.502196 0.710163
3189 0.502038 0.710254
3190 0.502194 0.710345
3191 0.502350 0.710122
3192 0.502506 0.709900
3193 0.502349 0.709991
3194 0.502505 0.709768
3195 0.502660 0.709859
3196 0.502503 0.709637
3197 0.502346 0.709728
3198 0.502189 0.709819
3199 0.502032 0.709909
3200 0.502188 0.710000
3201 0.502031 0.710091
3202 0.502186 0.709869
3203 0.502029 0.709959
3204 0.501873 0.710050
3205 0.501716 0.709828
3206 0.501871 0.709607
3207 0.501715 0.709698
3208 0.501559 0.709476
3209 0.501402 0.709567
3210 0.501558 0.709657
3211 0.501401 0.709436
3212 0.501557 0.709527
3213 0.501712 0.709617
3214 0.501867 0.709708
3215 0.502022 0.709487
3216 0.501866 0.709577
3217 0.502021 0.709667
3218 0.501865 0.709447
3219 0.502019 0.709226
3220 0.501863 0.709317
3221 0.501708 0.709097
3222 0.501862 0.708876
3223 0.502017 0.708967
3224 0.501861 0.709057
3225 0.501705 0.709147
3226 0.501860 0.709237
3227 0.501704 0.709018
3228 0.501859 0.709108
3229 0.502013 0.708888
3230 0.501858 0.708978
3231 0.502012 0.708759
3232 0.501856 0.708540
3233 0.501701 0.708630
3234 0.501546 0.708411
3235 0.501700 0.708192
3236 0.501854 0.707973
3237 0.501699 0.707754
3238 0.501544 0.707536
3239 0.501698 0.707626
3240 0.501543 0.707407
3241 0.501388 0.707498
3242 0.501542 0.707588
3243 0.501696 0.707678
3244 0.501541 0.707460
3245 0.501695 0.707550
3246 0.501540 0.707640
3247 0.501386 0.707730
3248 0.501539 0.707820
3249 0.501385 0.707910
3250 0.501538 0.708000
3251 0.501384 0.707782
3252 0.501538 0.707872
3253 0.501691 0.707962
3254 0.501537 0.707744
3255 0.501690 0.707527
3256 0.501843 0.707310
3257 0.501689 0.707399
3258 0.501535 0.707489
3259 0.501381 0.707579
3260 0.501534 0.707362
3261 0.501687 0.707452
3262 0.501839 0.707541
3263 0.501686 0.707631
3264 0.501838 0.707414
3265 0.501685 0.707198
3266 0.501531 0.707287
3267 0.501377 0.707377
3268 0.501530 0.707466
3269 0.501682 0.707556
3270 0.501529 0.707645
3271 0.501376 0.707735
3272 0.501528 0.707824
3273 0.501375 0.707608
3274 0.501222 0.707697
3275 0.501069 0.707786
3276 0.501221 0.707875
3277 0.501068 0.707659
3278 0.500915 0.707749
3279 0.500762 0.707838
3280 0.500915 0.707927
3281 0.501067 0.708016
3282 0.501219 0.708105
3283 0.501066 0.708194
3284 0.500914 0.707978
3285 0.500761 0.707763
3286 0.500913 0.707547
3287 0.501065 0.707636
3288 0.500912 0.707421
3289 0.500760 0.707206
3290 0.500608 0.706991
3291 0.500456 0.707080
3292 0.500608 0.706865
3293 0.500759 0.706650
3294 0.500911 0.706740
3295 0.501062 0.706525
3296 0.501214 0.706614
3297 0.501365 0.706703
3298 0.501213 0.706792
3299 0.501364 0.706578
3300 0.501212 0.706667
3301 0.501060 0.706453
3302 0.500909 0.706541
3303 0.500757 0.706630
3304 0.500908 0.706719
3305 0.500756 0.706808
3306 0.500605 0.706594
3307 0.500454 0.706683
3308 0.500302 0.706771
3309 0.500453 0.706558
3310 0.500302 0.706647
3311 0.500453 0.706735
3312 0.500604 0.706824
3313 0.500755 0.706912
3314 0.500604 0.706699
3315 0.500452 0.706787
3316 0.500302 0.706574
3317 0.500452 0.706663
3318 0.500301 0.706751
3319 0.500452 0.706538
3320 0.500301 0.706325
3321 0.500151 0.706113
3322 0.500000 0.706201
3323 0.500150 0.705989
3324 0.500301 0.705776
3325 0.500451 0.705865
3326 0.500301 0.705953
3327 0.500150 0.706041
3328 0.500000 0.706130
3329 0.499850 0.706218
3330 0.499700 0.706306
3331 0.499850 0.706094
3332 0.499700 0.705882
3333 0.499850 0.705671
3334 0.500000 0.705759
3335 0.499850 0.705847
3336 0.499700 0.705935
3337 0.499850 0.706023
3338 0.500000 0.705812
3339 0.500150 0.705900
3340 0.500299 0.705988
3341 0.500150 0.706076
3342 0.500000 0.706164
3343 0.499850 0.706252
3344 0.499701 0.706041
3345 0.499851 0.705830
3346 0.500000 0.705918
3347 0.499851 0.706005
3348 0.499701 0.706093
3349 0.499552 0.706181
3350 0.499403 0.706269
3351 0.499254 0.706058
3352 0.499403 0.706146
3353 0.499254 0.705935
3354 0.499404 0.706023
3355 0.499255 0.706110
3356 0.499404 0.706198
3357 0.499553 0.706285
3358 0.499702 0.706373
3359 0.499851 0.706460
3360 0.499702 0.706548
3361 0.499554 0.706635
3362 0.499703 0.706722
3363 0.499554 0.706809
3364 0.499703 0.706897
3365 0.499554 0.706686
3366 0.499703 0.706774
3367 0.499851 0.706861
3368 0.499703 0.706651
3369 0.499555 0.706738
3370 0.499703 0.706825
3371 0.499555 0.706615
3372 0.499407 0.706406
3373 0.499555 0.706493
3374 0.499704 0.706580
3375 0.499852 0.706667
3376 0.499704 0.706754
3377 0.499556 0.706840
3378 0.499704 0.706927
3379 0.499556 0.707014
3380 0.499408 0.707101
3381 0.499261 0.707187
3382 0.499409 0.707274
3383 0.499557 0.707065
3384 0.499704 0.707151
3385 0.499852 0.707238
3386 0.499705 0.707029
3387 0.499852 0.706820
3388 0.500000 0.706907
3389 0.500148 0.706993
3390 0.500000 0.706785
3391 0.499853 0.706871
3392 0.499705 0.706663
3393 0.499853 0.706749
3394 0.500000 0.706836
3395 0.499853 0.706922
3396 0.500000 0.706714
3397 0.499853 0.706506
3398 0.499706 0.706592
3399 0.499559 0.706678
3400 0.499412 0.706765
3401 0.499265 0.706851
3402 0.499412 0.706937
3403 0.499265 0.707023
3404 0.499412 0.707109
3405 0.499266 0.707195
3406 0.499119 0.706988
3407 0.498973 0.706780
3408 0.499120 0.706866
3409 0.498973 0.706952
3410 0.499120 0.706745
3411 0.499267 0.706831
3412 0.499121 0.706917
3413 0.498975 0.707003
3414 0.498828 0.707088
3415 0.498682 0.707174
3416 0.498536 0.707260
3417 0.498683 0.707346
3418 0.498537 0.707139
3419 0.498391 0.706932
3420 0.498538 0.707018
3421 0.498392 0.707103
3422 0.498539 0.706897
3423 0.498685 0.706982
3424 0.498540 0.706776
3425 0.498686 0.706861
3426 0.498541 0.706655
3427 0.498687 0.706741
3428 0.498541 0.706826
3429 0.498688 0.706620
3430 0.498542 0.706706
3431 0.498688 0.706500
3432 0.498543 0.706585
3433 0.498689 0.706671
3434 0.498544 0.706465
3435 0.498690 0.706259
3436 0.498545 0.706054
3437 0.498691 0.706139
3438 0.498837 0.706225
3439 0.498691 0.706310
3440 0.498547 0.706395
3441 0.498402 0.706481
3442 0.498547 0.706566
3443 0.498403 0.706651
3444 0.498258 0.706736
3445 0.498403 0.706821
3446 0.498549 0.706616
3447 0.498695 0.706701
3448 0.498840 0.706787
3449 0.498985 0.706872
3450 0.498841 0.706957
3451 0.498986 0.706752
3452 0.498841 0.706837
3453 0.498986 0.706922
3454 0.499131 0.706717
3455 0.499276 0.706802
3456 0.499421 0.706887
3457 0.499566 0.706971
3458 0.499422 0.706767
3459 0.499566 0.706852
3460 0.499422 0.706936
3461 0.499567 0.707021
3462 0.499422 0.707106
3463 0.499278 0.707190
3464 0.499134 0.706986
3465 0.498990 0.707071
3466 0.498846 0.707155
3467 0.498990 0.706951
3468 0.499135 0.707036
3469 0.498991 0.707120
3470 0.498847 0.707205
3471 0.498704 0.707289
3472 0.498848 0.707373
3473 0.498704 0.707458
3474 0.498849 0.707542
3475 0.498993 0.707626
3476 0.499137 0.707710
3477 0.499281 0.707794
3478 0.499425 0.707878
3479 0.499281 0.707675
3480 0.499425 0.707471
3481 0.499282 0.707555
3482 0.499426 0.707639
3483 0.499569 0.707723
3484 0.499426 0.707807
3485 0.499570 0.707604
3486 0.499713 0.707401
3487 0.499857 0.707198
3488 0.500000 0.706995
3489 0.499857 0.707079
3490 0.500000 0.706877
3491 0.499857 0.706961
3492 0.499714 0.707045
3493 0.499857 0.706842
3494 0.499714 0.706926
3495 0.499857 0.707010
3496 0.500000 0.706808
3497 0.500143 0.706606
3498 0.500286 0.706404
3499 0.500143 0.706488
3500 0.500000 0.706571
3501 0.500143 0.706655
3502 0.500286 0.706739
3503 0.500143 0.706823
3504 0.500285 0.706621
3505 0.500428 0.706705
3506 0.500285 0.706503
3507 0.500143 0.706587
3508 0.500285 0.706670
3509 0.500427 0.706754
3510 0.500285 0.706553
3511 0.500427 0.706636
3512 0.500285 0.706720
3513 0.500142 0.706519
3514 0.500285 0.706602
3515 0.500142 0.706686
3516 0.500284 0.706769
3517 0.500426 0.706852
3518 0.500569 0.706652
3519 0.500426 0.706735
3520 0.500284 0.706818
3521 0.500426 0.706901
3522 0.500284 0.706701
3523 0.500426 0.706784
3524 0.500568 0.706867
3525 0.500709 0.706667
3526 0.500567 0.706750
3527 0.500425 0.706549
3528 0.500283 0.706633
3529 0.500425 0.706716
3530 0.500283 0.706516
3531 0.500425 0.706599
3532 0.500566 0.706399
3533 0.500425 0.706482
3534 0.500283 0.706565
3535 0.500141 0.706648
3536 0.500000 0.706731
3537 0.499859 0.706814
3538 0.500000 0.706897
3539 0.499859 0.706697
3540 0.500000 0.706780
3541 0.499859 0.706580
3542 0.499718 0.706663
3543 0.499859 0.706746
3544 0.499718 0.706546
3545 0.499859 0.706347
3546 0.499718 0.706430
3547 0.499859 0.706513
3548 0.499718 0.706313
3549 0.499859 0.706396
3550 0.500000 0.706479
3551 0.499859 0.706562
3552 0.500000 0.706644
3553 0.500141 0.706727
3554 0.500281 0.706809
3555 0.500141 0.706892
3556 0.500281 0.706693
3557 0.500141 0.706775
3558 0.500000 0.706577
3559 0.500140 0.706378
3560 0.500281 0.706180
3561 0.500421 0.705981
3562 0.500281 0.706064
3563 0.500140 0.706147
3564 0.500281 0.705948
3565 0.500421 0.705750
3566 0.500280 0.705833
3567 0.500421 0.705915
3568 0.500561 0.705998
3569 0.500700 0.705800
3570 0.500560 0.705882
3571 0.500420 0.705965
3572 0.500560 0.705767
3573 0.500420 0.705570
3574 0.500560 0.705652
3575 0.500420 0.705455
3576 0.500559 0.705257
3577 0.500419 0.705340
3578 0.500559 0.705422
3579 0.500699 0.705225
3580 0.500559 0.705307
3581 0.500698 0.705390
3582 0.500838 0.705472
3583 0.500698 0.705554
3584 0.500558 0.705357
3585 0.500418 0.705160
3586 0.500279 0.705243
3587 0.500139 0.705325
3588 0.500000 0.705407
3589 0.499861 0.705489
3590 0.500000 0.705292
3591 0.499861 0.705375
3592 0.500000 0.705178
3593 0.500139 0.705260
3594 0.500000 0.705064
3595 0.499861 0.704868
3596 0.500000 0.704950
3597 0.499861 0.705032
3598 0.499722 0.705114
3599 0.499583 0.705196
3600 0.499722 0.705278
3601 0.499583 0.705360
3602 0.499445 0.705164
3603 0.499584 0.705246
3604 0.499445 0.705050
3605 0.499584 0.705132
3606 0.499723 0.704936
3607 0.499861 0.705018
3608 0.500000 0.705100
3609 0.499861 0.704904
3610 0.500000 0.704709
3611 0.500138 0.704514
3612 0.500000 0.704319
3613 0.500138 0.704401
3614 0.500277 0.704483
3615 0.500138 0.704564
3616 0.500000 0.704646
3617 0.499862 0.704728
3618 0.499724 0.704809
3619 0.499862 0.704891
3620 0.500000 0.704972
3621 0.499862 0.704778
3622 0.499724 0.704859
3623 0.499586 0.704941
3624 0.499724 0.705022
3625 0.499862 0.704828
3626 0.499724 0.704909
3627 0.499862 0.704715
3628 0.499724 0.704796
3629 0.499587 0.704877
3630 0.499449 0.704683
3631 0.499587 0.704765
3632 0.499725 0.704846
3633 0.499862 0.704927
3634 0.500000 0.704733
3635 0.499862 0.704814
3636 0.499725 0.704620
3637 0.499588 0.704702
3638 0.499450 0.704508
3639 0.499313 0.704589
3640 0.499451 0.704670
3641 0.499313 0.704751
3642 0.499176 0.704833
3643 0.499314 0.704914
3644 0.499177 0.704720
3645 0.499314 0.704801
3646 0.499177 0.704882
3647 0.499315 0.704963
3648 0.499178 0.705044
3649 0.499315 0.705125
3650 0.499452 0.705205
3651 0.499315 0.705286
3652 0.499179 0.705367
3653 0.499042 0.705448
3654 0.499179 0.705528
3655 0.499316 0.705335
3656 0.499453 0.705416
3657 0.499590 0.705223
3658 0.499727 0.705303
3659 0.499590 0.705384
3660 0.499454 0.705464
3661 0.499590 0.705545
3662 0.499454 0.705352
3663 0.499317 0.705160
3664 0.499181 0.705240
3665 0.499045 0.705321
3666 0.498909 0.705128
3667 0.499046 0.705209
3668 0.498909 0.705289
3669 0.499046 0.705097
3670 0.498910 0.705177
3671 0.498774 0.705257
3672 0.498638 0.705338
3673 0.498775 0.705418
3674 0.498911 0.705226
3675 0.499048 0.705034
3676 0.499184 0.705114
3677 0.499320 0.705194
3678 0.499184 0.705275
3679 0.499320 0.705355
3680 0.499185 0.705163
3681 0.499321 0.704971
3682 0.499457 0.704780
3683 0.499321 0.704860
3684 0.499457 0.704940
3685 0.499322 0.705020
3686 0.499186 0.704829
3687 0.499322 0.704909
3688 0.499187 0.704718
3689 0.499051 0.704527
3690 0.498916 0.704607
3691 0.499052 0.704687
3692 0.498917 0.704496
3693 0.499052 0.704576
3694 0.499188 0.704385
3695 0.499053 0.704195
3696 0.498918 0.704275
3697 0.498783 0.704355
3698 0.498918 0.704164
3699 0.499054 0.704244
3700 0.498919 0.704324
3701 0.498784 0.704404
3702 0.498920 0.704484
3703 0.498785 0.704564
3704 0.498920 0.704374
3705 0.499055 0.704453
3706 0.499191 0.704533
3707 0.499056 0.704613
3708 0.498921 0.704423
3709 0.498787 0.704503
3710 0.498652 0.704582
3711 0.498518 0.704662
3712 0.498384 0.704741
3713 0.498519 0.704821
3714 0.498384 0.704900
3715 0.498250 0.704980
3716 0.498116 0.705059
3717 0.498251 0.705139
3718 0.498386 0.704949
3719 0.498521 0.705028
3720 0.498656 0.704839
3721 0.498791 0.704918
3722 0.498925 0.704997
3723 0.498791 0.705077
3724 0.498926 0.705156
3725 0.498792 0.705235
3726 0.498658 0.705314
3727 0.498524 0.705393
3728 0.498659 0.705204
3729 0.498793 0.705283
3730 0.498928 0.705094
3731 0.498794 0.705173
3732 0.498660 0.704984
3733 0.498527 0.705063
3734 0.498393 0.705142
3735 0.498260 0.704953
3736 0.498394 0.705032
3737 0.498261 0.705111
3738 0.498127 0.705190
3739 0.498262 0.705269
3740 0.498128 0.705348
3741 0.498262 0.705426
3742 0.498129 0.705505
3743 0.498263 0.705584
3744 0.498130 0.705395
3745 0.498264 0.705474
3746 0.498398 0.705286
3747 0.498265 0.705364
3748 0.498132 0.705176
3749 0.498266 0.705255
3750 0.498400 0.705333
3751 0.498534 0.705412
3752 0.498401 0.705490
3753 0.498535 0.705569
3754 0.498402 0.705647
3755 0.498535 0.705726
3756 0.498403 0.705804
3757 0.498536 0.705882
3758 0.498670 0.705695
3759 0.498537 0.705773
3760 0.498404 0.705585
3761 0.498272 0.705663
3762 0.498405 0.705742
3763 0.498273 0.705820
3764 0.498140 0.705632
3765 0.498008 0.705710
3766 0.498141 0.705789
3767 0.498274 0.705867
3768 0.498408 0.705945
3769 0.498275 0.706023
3770 0.498143 0.706101
3771 0.498011 0.706179
3772 0.498144 0.705992
3773 0.498012 0.705804
3774 0.497880 0.705617
3775 0.497748 0.705695
3776 0.497617 0.705508
3777 0.497485 0.705586
3778 0.497353 0.705664
3779 0.497221 0.705742
3780 0.497354 0.705820
3781 0.497487 0.705898
3782 0.497356 0.705976
3783 0.497489 0.705789
3784 0.497622 0.705867
3785 0.497754 0.705945
3786 0.497887 0.706022
3787 0.497755 0.705836
3788 0.497624 0.705913
3789 0.497757 0.705991
3790 0.497625 0.706069
3791 0.497494 0.706146
3792 0.497363 0.706224
3793 0.497232 0.706301
3794 0.497364 0.706378
3795 0.497497 0.706456
3796 0.497629 0.706270
3797 0.497761 0.706347
3798 0.497894 0.706424
3799 0.498026 0.706502
3800 0.497895 0.706579
3801 0.498027 0.706656
3802 0.498159 0.706733
3803 0.498028 0.706810
3804 0.497897 0.706887
3805 0.497766 0.706702
3806 0.497898 0.706779
3807 0.497767 0.706593
3808 0.497637 0.706408
3809 0.497768 0.706222
3810 0.497900 0.706299
3811 0.498032 0.706376
3812 0.497901 0.706453
3813 0.498033 0.706530
3814 0.497902 0.706345
3815 0.497772 0.706422
3816 0.497904 0.706237
3817 0.497773 0.706052
3818 0.497905 0.706129
3819 0.497774 0.706206
3820 0.497906 0.706283
3821 0.497775 0.706098
3822 0.497907 0.706175
3823 0.497777 0.705990
3824 0.497908 0.706067
3825 0.497778 0.705882
3826 0.497648 0.705959
3827 0.497779 0.706036
3828 0.497910 0.706113
3829 0.498041 0.706190
3830 0.498172 0.706005
3831 0.498303 0.706082
3832 0.498173 0.705898
3833 0.498043 0.705714
3834 0.498174 0.705529
3835 0.498305 0.705606
3836 0.498175 0.705683
3837 0.498306 0.705760
3838 0.498437 0.705836
3839 0.498307 0.705913
3840 0.498177 0.705990
3841 0.498047 0.705806
3842 0.498178 0.705882
3843 0.498309 0.705959
3844 0.498179 0.706035
3845 0.498309 0.706112
3846 0.498180 0.706188
3847 0.498310 0.706005
3848 0.498441 0.706081
3849 0.498571 0.705898
3850 0.498442 0.705714
3851 0.498572 0.705531
3852 0.498442 0.705607
3853 0.498573 0.705684
3854 0.498703 0.705760
3855 0.498573 0.705837
3856 0.498703 0.705913
3857 0.498574 0.705730
3858 0.498704 0.705547
3859 0.498575 0.705623
3860 0.498705 0.705440
3861 0.498575 0.705517
3862 0.498446 0.705593
3863 0.498576 0.705410
3864 0.498447 0.705487
3865 0.498577 0.705563
3866 0.498448 0.705639
3867 0.498578 0.705456
3868 0.498449 0.705533
3869 0.498578 0.705609
3870 0.498708 0.705685
3871 0.498579 0.705761
3872 0.498709 0.705837
3873 0.498838 0.705913
3874 0.498967 0.705731
3875 0.499097 0.705806
3876 0.499226 0.705624
3877 0.499097 0.705700
3878 0.499226 0.705776
3879 0.499098 0.705852
3880 0.499227 0.705670
3881 0.499356 0.705488
3882 0.499227 0.705564
3883 0.499099 0.705640
3884 0.498970 0.705716
3885 0.499099 0.705534
3886 0.499228 0.705353
3887 0.499357 0.705428
3888 0.499486 0.705247
3889 0.499357 0.705323
3890 0.499229 0.705141
3891 0.499357 0.704960
3892 0.499229 0.705036
3893 0.499358 0.705112
3894 0.499486 0.705187
3895 0.499615 0.705006
3896 0.499743 0.705082
3897 0.499615 0.704901
3898 0.499487 0.704977
3899 0.499615 0.705053
3900 0.499487 0.704872
3901 0.499615 0.704691
3902 0.499487 0.704767
3903 0.499359 0.704586
3904 0.499232 0.704662
3905 0.499360 0.704738
3906 0.499488 0.704813
3907 0.499360 0.704889
3908 0.499232 0.704708
3909 0.499105 0.704784
3910 0.499233 0.704859
3911 0.499105 0.704935
3912 0.498978 0.705010
3913 0.498850 0.705086
3914 0.498978 0.705161
3915 0.498851 0.704981
3916 0.498979 0.704801
3917 0.498851 0.704876
3918 0.498979 0.704952
3919 0.499107 0.705027
3920 0.498980 0.705102
3921 0.498852 0.705177
3922 0.498980 0.704997
3923 0.499108 0.705073
3924 0.498981 0.705148
3925 0.499108 0.705223
3926 0.498981 0.705298
3927 0.499109 0.705373
3928 0.498982 0.705448
3929 0.498855 0.705523
3930 0.498728 0.705598
3931 0.498855 0.705673
3932 0.498728 0.705748
3933 0.498602 0.705823
3934 0.498475 0.705897
3935 0.498602 0.705972
3936 0.498730 0.706047
3937 0.498603 0.706121
3938 0.498730 0.705942
3939 0.498858 0.705763
3940 0.498985 0.705838
3941 0.498858 0.705658
3942 0.498732 0.705733
3943 0.498859 0.705554
3944 0.498986 0.705629
3945 0.498859 0.705703
3946 0.498986 0.705525
3947 0.498860 0.705599
3948 0.498734 0.705674
3949 0.498607 0.705748
3950 0.498481 0.705823
3951 0.498355 0.705644
3952 0.498482 0.705719
3953 0.498609 0.705793
3954 0.498735 0.705867
3955 0.498862 0.705689
3956 0.498736 0.705511
3957 0.498863 0.705585
3958 0.498989 0.705659
3959 0.499116 0.705734
3960 0.499242 0.705808
3961 0.499116 0.705630
3962 0.499243 0.705704
3963 0.499369 0.705526
3964 0.499495 0.705600
3965 0.499369 0.705675
3966 0.499244 0.705497
3967 0.499370 0.705571
3968 0.499244 0.705645
3969 0.499118 0.705467
3970 0.499244 0.705542
3971 0.499370 0.705616
3972 0.499496 0.705690
3973 0.499622 0.705764
3974 0.499748 0.705838
3975 0.499874 0.705912
3976 0.499748 0.705986
3977 0.499874 0.705808
3978 0.499749 0.705882
3979 0.499874 0.705956
3980 0.499749 0.706030
3981 0.499874 0.706104
3982 0.500000 0.705927
3983 0.499874 0.706001
3984 0.500000 0.705823
3985 0.500125 0.705897
3986 0.500000 0.705971
3987 0.499875 0.706045
3988 0.500000 0.705868
3989 0.500125 0.705941
3990 0.500251 0.706015
3991 0.500376 0.705838
3992 0.500251 0.705661
3993 0.500376 0.705735
3994 0.500501 0.705558
3995 0.500375 0.705382
3996 0.500501 0.705455
3997 0.500625 0.705529
3998 0.500750 0.705603
3999 0.500625 0.705426
4000 0.500750 0.705500
4001 0.500875 0.705574
4002 0.501000 0.705647
4003 0.500874 0.705471
4004 0.500999 0.705295
4005 0.500874 0.705368
4006 0.500749 0.705442
4007 0.500873 0.705266
4008 0.500998 0.705090
4009 0.501122 0.705163
4010 0.500998 0.705237
4011 0.501122 0.705061
4012 0.500997 0.705135
4013 0.500872 0.705208
4014 0.500997 0.705032
4015 0.501121 0.704857
4016 0.500996 0.704930
4017 0.501120 0.705004
4018 0.500996 0.705077
4019 0.500871 0.705151
4020 0.500746 0.704975
4021 0.500622 0.704800
4022 0.500746 0.704873
4023 0.500621 0.704698
4024 0.500746 0.704771
4025 0.500621 0.704596
4026 0.500497 0.704670
4027 0.500372 0.704743
4028 0.500497 0.704816
4029 0.500621 0.704890
4030 0.500496 0.704963
4031 0.500372 0.704788
4032 0.500248 0.704861
4033 0.500372 0.704934
4034 0.500248 0.704760
4035 0.500124 0.704833
4036 0.500000 0.704658
4037 0.499876 0.704731
4038 0.500000 0.704804
4039 0.500124 0.704630
4040 0.500248 0.704703
4041 0.500371 0.704776
4042 0.500495 0.704849
4043 0.500618 0.704922
4044 0.500495 0.704995
4045 0.500371 0.705068
4046 0.500247 0.705141
4047 0.500124 0.705214
4048 0.500000 0.705040
4049 0.499877 0.704865
4050 0.500000 0.704691
4051 0.499877 0.704764
4052 0.499753 0.704837
4053 0.499630 0.704663
4054 0.499753 0.704489
4055 0.499630 0.704562
4056 0.499753 0.704389
4057 0.499877 0.704215
4058 0.499754 0.704288
4059 0.499877 0.704361
4060 0.499754 0.704187
4061 0.499877 0.704260
4062 0.500000 0.704333
4063 0.499877 0.704406
4064 0.499754 0.704478
4065 0.499631 0.704551
4066 0.499754 0.704624
4067 0.499631 0.704696
4068 0.499508 0.704769
4069 0.499386 0.704841
4070 0.499509 0.704914
4071 0.499386 0.704986
4072 0.499263 0.705059
4073 0.499141 0.704886
4074 0.499018 0.704958
4075 0.499141 0.705031
4076 0.499264 0.705103
4077 0.499387 0.705175
4078 0.499510 0.705002
4079 0.499387 0.705075
4080 0.499510 0.705147
4081 0.499632 0.704974
4082 0.499755 0.705047
4083 0.499633 0.704874
4084 0.499755 0.704946
4085 0.499633 0.705018
4086 0.499511 0.705091
4087 0.499388 0.705163
4088 0.499511 0.705235
4089 0.499389 0.705307
4090 0.499267 0.705379
4091 0.499389 0.705451
4092 0.499267 0.705523
4093 0.499389 0.705595
4094 0.499511 0.705667
4095 0.499634 0.705739
4096 0.499512 0.705811
4097 0.499634 0.705882
4098 0.499512 0.705954
4099 0.499390 0.706026
4100 0.499268 0.706098
4101 0.499147 0.706169
4102 0.499269 0.706241
4103 0.499391 0.706312
4104 0.499269 0.706384
4105 0.499147 0.706212
4106 0.499269 0.706040
4107 0.499148 0.705868
4108 0.499026 0.705940
4109 0.498905 0.706011
4110 0.499027 0.706083
4111 0.499149 0.705911
4112 0.499027 0.705739
4113 0.499149 0.705811
4114 0.499271 0.705639
4115 0.499149 0.705711
4116 0.499271 0.705539
4117 0.499393 0.705611
4118 0.499271 0.705682
4119 0.499393 0.705511
4120 0.499272 0.705583
4121 0.499151 0.705654
4122 0.499030 0.705483
4123 0.498909 0.705554
4124 0.498788 0.705626
4125 0.498909 0.705697
4126 0.499031 0.705768
4127 0.499152 0.705597
4128 0.499273 0.705669
4129 0.499395 0.705740
4130 0.499274 0.705811
4131 0.499395 0.705882
4132 0.499274 0.705954
4133 0.499395 0.706025
4134 0.499516 0.706096
4135 0.499637 0.705925
4136 0.499516 0.705754
4137 0.499637 0.705584
4138 0.499517 0.705655
4139 0.499638 0.705484
4140 0.499517 0.705314
4141 0.499396 0.705144
4142 0.499517 0.705215
4143 0.499638 0.705045
4144 0.499517 0.705116
4145 0.499638 0.705187
4146 0.499518 0.705017
4147 0.499638 0.704847
4148 0.499759 0.704677
4149 0.499879 0.704748
4150 0.499759 0.704819
4151 0.499880 0.704890
4152 0.500000 0.704961
4153 0.500120 0.705033
4154 0.500241 0.705104
4155 0.500120 0.705174
4156 0.500000 0.705005
4157 0.499880 0.704835
4158 0.500000 0.704666
4159 0.499880 0.704737
4160 0.499760 0.704567
4161 0.499880 0.704638
4162 0.500000 0.704709
4163 0.499880 0.704780
4164 0.500000 0.704851
4165 0.500120 0.704922
4166 0.500240 0.704993
4167 0.500360 0.705064
4168 0.500480 0.705134
4169 0.500600 0.705205
4170 0.500480 0.705276
4171 0.500360 0.705107
4172 0.500479 0.705177
4173 0.500599 0.705248
4174 0.500719 0.705079
4175 0.500599 0.705150
4176 0.500479 0.704981
4177 0.500359 0.704812
4178 0.500239 0.704643
4179 0.500120 0.704714
4180 0.500000 0.704785
4181 0.499880 0.704855
4182 0.500000 0.704926
4183 0.500120 0.704757
4184 0.500000 0.704828
4185 0.500119 0.704659
4186 0.500000 0.704491
4187 0.499881 0.704562
4188 0.500000 0.704394
4189 0.499881 0.704464
4190 0.499761 0.704535
4191 0.499642 0.704605
4192 0.499523 0.704437
4193 0.499404 0.704269
4194 0.499523 0.704340
4195 0.499642 0.704410
4196 0.499762 0.704242
4197 0.499881 0.704313
4198 0.499762 0.704383
4199 0.499881 0.704453
4200 0.500000 0.704286
4201 0.499881 0.704356
4202 0.500000 0.704188
4203 0.499881 0.704259
4204 0.499762 0.704329
4205 0.499881 0.704400
4206 0.499762 0.704232
4207 0.499643 0.704302
4208 0.499525 0.704373
4209 0.499644 0.704443
4210 0.499762 0.704513
4211 0.499644 0.704583
4212 0.499763 0.704653
4213 0.499881 0.704723
4214 0.499763 0.704794
4215 0.499881 0.704864
4216 0.499763 0.704934
4217 0.499644 0.705004
4218 0.499526 0.705073
4219 0.499407 0.705143
4220 0.499526 0.704976
4221 0.499408 0.704809
4222 0.499289 0.704879
4223 0.499171 0.704949
4224 0.499053 0.704782
4225 0.499172 0.704852
4226 0.499053 0.704922
4227 0.498935 0.704992
4228 0.499054 0.705061
4229 0.499172 0.704895
4230 0.499291 0.704728
4231 0.499409 0.704562
4232 0.499527 0.704631
4233 0.499646 0.704465
4234 0.499528 0.704535
4235 0.499646 0.704604
4236 0.499528 0.704674
4237 0.499410 0.704744
4238 0.499528 0.704814
4239 0.499410 0.704647
4240 0.499528 0.704717
4241 0.499411 0.704787
4242 0.499293 0.704856
4243 0.499411 0.704690
4244 0.499529 0.704760
4245 0.499647 0.704829
4246 0.499529 0.704663
4247 0.499647 0.704497
4248 0.499765 0.704567
4249 0.499647 0.704401
4250 0.499529 0.704471
4251 0.499647 0.704540
4252 0.499765 0.704374
4253 0.499882 0.704444
4254 0.500000 0.704513
4255 0.499882 0.704348
4256 0.499765 0.704417
4257 0.499883 0.704487
4258 0.500000 0.704556
4259 0.500117 0.704391
4260 0.500000 0.704460
4261 0.499883 0.704295
4262 0.499765 0.704364
4263 0.499648 0.704433
4264 0.499531 0.704503
4265 0.499414 0.704338
4266 0.499297 0.704407
4267 0.499180 0.704476
4268 0.499297 0.704545
4269 0.499414 0.704615
4270 0.499297 0.704684
4271 0.499415 0.704753
4272 0.499532 0.704822
4273 0.499415 0.704891
4274 0.499298 0.704726
4275 0.499181 0.704795
4276 0.499298 0.704630
4277 0.499182 0.704466
4278 0.499299 0.704301
4279 0.499416 0.704136
4280 0.499533 0.704206
4281 0.499650 0.704275
4282 0.499766 0.704110
4283 0.499883 0.704179
4284 0.500000 0.704015
4285 0.499883 0.703851
4286 0.499767 0.703920
4287 0.499650 0.703989
4288 0.499534 0.704058
4289 0.499417 0.704127
4290 0.499534 0.704196
4291 0.499650 0.704265
4292 0.499534 0.704101
4293 0.499651 0.704170
4294 0.499767 0.704006
4295 0.499651 0.704075
4296 0.499534 0.703911
4297 0.499651 0.703747
4298 0.499535 0.703816
4299 0.499651 0.703652
4300 0.499767 0.703721
4301 0.499884 0.703790
4302 0.500000 0.703626
4303 0.500116 0.703463
4304 0.500232 0.703299
4305 0.500348 0.703368
4306 0.500232 0.703437
4307 0.500116 0.703274
4308 0.500232 0.703110
4309 0.500116 0.703179
4310 0.500232 0.703248
4311 0.500116 0.703317
4312 0.500000 0.703386
4313 0.499884 0.703223
4314 0.500000 0.703060
4315 0.500116 0.703129
4316 0.500232 0.703197
4317 0.500347 0.703266
4318 0.500463 0.703335
4319 0.500579 0.703404
4320 0.500694 0.703472
4321 0.500810 0.703541
4322 0.500694 0.703378
4323 0.500578 0.703215
4324 0.500463 0.703053
4325 0.500578 0.702890
4326 0.500693 0.702959
4327 0.500578 0.702796
4328 0.500462 0.702865
4329 0.500578 0.702934
4330 0.500693 0.702771
4331 0.500808 0.702840
4332 0.500923 0.702678
4333 0.500808 0.702746
4334 0.500692 0.702815
4335 0.500577 0.702653
4336 0.500692 0.702721
4337 0.500807 0.702790
4338 0.500692 0.702628
4339 0.500576 0.702466
4340 0.500461 0.702304
4341 0.500346 0.702373
4342 0.500230 0.702441
4343 0.500115 0.702510
4344 0.500000 0.702578
4345 0.499885 0.702647
4346 0.500000 0.702715
4347 0.500115 0.702553
4348 0.500230 0.702622
4349 0.500115 0.702690
4350 0.500230 0.702759
4351 0.500115 0.702827
4352 0.500000 0.702895
4353 0.499885 0.702734
4354 0.499770 0.702802
4355 0.499656 0.702641
4356 0.499541 0.702479
4357 0.499656 0.702548
4358 0.499771 0.702616
4359 0.499656 0.702684
4360 0.499771 0.702752
4361 0.499885 0.702820
4362 0.499771 0.702889
4363 0.499656 0.702957
4364 0.499771 0.703025
4365 0.499656 0.703093
4366 0.499542 0.702932
4367 0.499657 0.703000
4368 0.499542 0.703068
4369 0.499657 0.703136
4370 0.499771 0.703204
4371 0.499886 0.703272
4372 0.500000 0.703111
4373 0.500114 0.703179
4374 0.500229 0.703246
4375 0.500343 0.703314
4376 0.500229 0.703382
4377 0.500114 0.703221
4378 0.500000 0.703061
4379 0.499886 0.703129
4380 0.500000 0.703196
4381 0.500114 0.703264
4382 0.500000 0.703332
4383 0.499886 0.703399
4384 0.500000 0.703239
4385 0.499886 0.703307
4386 0.500000 0.703374
4387 0.499886 0.703442
4388 0.500000 0.703282
4389 0.500114 0.703349
4390 0.500228 0.703417
4391 0.500342 0.703484
4392 0.500228 0.703552
4393 0.500114 0.703619
4394 0.500228 0.703687
4395 0.500341 0.703754
4396 0.500227 0.703822
4397 0.500341 0.703662
4398 0.500455 0.703729
4399 0.500341 0.703796
4400 0.500227 0.703864
4401 0.500341 0.703931
4402 0.500227 0.703998
4403 0.500114 0.704065
4404 0.500227 0.704133
4405 0.500341 0.703973
4406 0.500227 0.703813
4407 0.500113 0.703653
4408 0.500227 0.703721
4409 0.500113 0.703561
4410 0.500227 0.703628
4411 0.500340 0.703695
4412 0.500227 0.703762
4413 0.500113 0.703830
4414 0.500227 0.703897
4415 0.500340 0.703964
4416 0.500453 0.704031
4417 0.500340 0.703871
4418 0.500453 0.703712
4419 0.500339 0.703779
4420 0.500226 0.703846
4421 0.500339 0.703687
4422 0.500452 0.703754
4423 0.500339 0.703821
4424 0.500452 0.703888
4425 0.500339 0.703955
4426 0.500226 0.703796
4427 0.500339 0.703863
4428 0.500226 0.703704
4429 0.500113 0.703771
4430 0.500226 0.703837
4431 0.500113 0.703904
4432 0.500226 0.703971
4433 0.500113 0.704038
4434 0.500000 0.703879
4435 0.499887 0.703946
4436 0.500000 0.704013
4437 0.500113 0.703854
4438 0.500225 0.703921
4439 0.500113 0.703987
4440 0.500000 0.704054
4441 0.499887 0.704121
4442 0.500000 0.704187
4443 0.499887 0.704254
4444 0.500000 0.704320
4445 0.500112 0.704387
4446 0.500225 0.704453
4447 0.500337 0.704520
4448 0.500225 0.704586
4449 0.500112 0.704428
4450 0.500000 0.704270
4451 0.500112 0.704111
4452 0.500000 0.704178
4453 0.499888 0.704244
4454 0.499775 0.704311
4455 0.499888 0.704377
4456 0.499776 0.704443
4457 0.499663 0.704510
4458 0.499776 0.704352
4459 0.499888 0.704418
4460 0.499776 0.704260
4461 0.499664 0.704102
4462 0.499776 0.703944
4463 0.499664 0.704011
4464 0.499552 0.704077
4465 0.499440 0.704143
4466 0.499552 0.704210
4467 0.499664 0.704276
4468 0.499776 0.704118
4469 0.499888 0.704184
4470 0.500000 0.704251
4471 0.500112 0.704317
4472 0.500224 0.704159
4473 0.500112 0.704225
4474 0.500000 0.704291
4475 0.500112 0.704358
4476 0.500000 0.704200
4477 0.499888 0.704266
4478 0.499777 0.704332
4479 0.499665 0.704398
4480 0.499554 0.704464
4481 0.499665 0.704530
4482 0.499554 0.704373
4483 0.499665 0.704439
4484 0.499777 0.704505
4485 0.499889 0.704571
4486 0.500000 0.704637
4487 0.499889 0.704702
4488 0.499777 0.704768
4489 0.499666 0.704834
4490 0.499555 0.704677
4491 0.499666 0.704520
4492 0.499777 0.704586
4493 0.499666 0.704652
4494 0.499555 0.704717
4495 0.499666 0.704561
4496 0.499555 0.704626
4497 0.499444 0.704692
4498 0.499333 0.704535
4499 0.499222 0.704601
4500 0.499111 0.704667
4501 0.499000 0.704732
4502 0.498889 0.704798
4503 0.499001 0.704863
4504 0.499112 0.704707
4505 0.499223 0.704772
4506 0.499334 0.704838
4507 0.499223 0.704903
4508 0.499335 0.704969
4509 0.499224 0.704813
4510 0.499335 0.704656
4511 0.499446 0.704722
4512 0.499335 0.704566
4513 0.499446 0.704409
4514 0.499335 0.704475
4515 0.499446 0.704540
4516 0.499557 0.704384
4517 0.499447 0.704450
4518 0.499336 0.704515
4519 0.499447 0.704581
4520 0.499336 0.704425
4521 0.499447 0.704490
4522 0.499337 0.704556
4523 0.499447 0.704621
4524 0.499337 0.704465
4525 0.499227 0.704530
4526 0.499337 0.704375
4527 0.499448 0.704219
4528 0.499337 0.704284
4529 0.499448 0.704350
4530 0.499338 0.704194
4531 0.499448 0.704039
4532 0.499559 0.704104
4533 0.499448 0.704169
4534 0.499338 0.704014
4535 0.499449 0.704079
4536 0.499339 0.704145
4537 0.499449 0.704210
4538 0.499339 0.704275
4539 0.499229 0.704120
4540 0.499339 0.703965
4541 0.499449 0.703810
4542 0.499560 0.703875
4543 0.499670 0.703940
4544 0.499560 0.704005
4545 0.499450 0.703850
4546 0.499560 0.703696
4547 0.499670 0.703761
4548 0.499560 0.703826
4549 0.499670 0.703891
4550 0.499560 0.703956
4551 0.499670 0.704021
4552 0.499780 0.704086
4553 0.499671 0.704151
4554 0.499780 0.704216
4555 0.499890 0.704281
4556 0.500000 0.704126
4557 0.500110 0.703972
4558 0.500219 0.703817
4559 0.500329 0.703882
4560 0.500219 0.703947
4561 0.500329 0.704012
4562 0.500438 0.703858
4563 0.500548 0.703923
4564 0.500438 0.703988
4565 0.500548 0.703834
4566 0.500657 0.703679
4567 0.500547 0.703744
4568 0.500438 0.703590
4569 0.500547 0.703655
4570 0.500656 0.703720
4571 0.500547 0.703566
4572 0.500437 0.703631
4573 0.500328 0.703696
4574 0.500219 0.703542
4575 0.500109 0.703607
4576 0.500219 0.703671
4577 0.500109 0.703736
4578 0.500218 0.703801
4579 0.500328 0.703865
4580 0.500437 0.703930
4581 0.500327 0.703776
4582 0.500218 0.703841
4583 0.500109 0.703906
4584 0.500218 0.703970
4585 0.500109 0.704035
4586 0.500000 0.703881
4587 0.500109 0.703946
4588 0.500000 0.704010
4589 0.500109 0.703857
4590 0.500000 0.703922
4591 0.500109 0.703986
4592 0.500000 0.704051
4593 0.500109 0.703897
4594 0.500218 0.703744
4595 0.500326 0.703808
4596 0.500218 0.703873
4597 0.500326 0.703937
4598 0.500217 0.704002
4599 0.500326 0.704066
4600 0.500435 0.704130
4601 0.500326 0.704195
4602 0.500435 0.704259
4603 0.500326 0.704323
4604 0.500434 0.704170
4605 0.500326 0.704235
4606 0.500434 0.704082
4607 0.500326 0.704146
4608 0.500217 0.703993
4609 0.500108 0.704057
4610 0.500000 0.703905
4611 0.500108 0.703969
4612 0.500217 0.704033
4613 0.500108 0.703880
4614 0.500000 0.703728
4615 0.500108 0.703792
4616 0.500000 0.703640
4617 0.499892 0.703704
4618 0.500000 0.703551
4619 0.499892 0.703399
4620 0.499784 0.703463
4621 0.499675 0.703527
4622 0.499784 0.703375
4623 0.499676 0.703439
4624 0.499567 0.703287
4625 0.499676 0.703351
4626 0.499568 0.703415
4627 0.499460 0.703263
4628 0.499568 0.703328
4629 0.499460 0.703176
4630 0.499352 0.703024
4631 0.499244 0.702872
4632 0.499136 0.702720
4633 0.499245 0.702569
4634 0.499353 0.702633
4635 0.499245 0.702697
4636 0.499353 0.702545
4637 0.499245 0.702609
4638 0.499138 0.702674
4639 0.499246 0.702738
4640 0.499353 0.702802
4641 0.499246 0.702866
4642 0.499354 0.702930
4643 0.499462 0.702994
4644 0.499354 0.702842
4645 0.499247 0.702906
4646 0.499139 0.702970
4647 0.499032 0.703034
4648 0.498924 0.703098
4649 0.498817 0.703162
4650 0.498925 0.703011
4651 0.498817 0.703075
4652 0.498925 0.703138
4653 0.498818 0.702987
4654 0.498926 0.703051
4655 0.499033 0.702900
4656 0.498926 0.702964
4657 0.498819 0.703028
4658 0.498712 0.703091
4659 0.498605 0.703155
4660 0.498498 0.703219
4661 0.498391 0.703283
4662 0.498498 0.703346
4663 0.498392 0.703195
4664 0.498499 0.703045
4665 0.498607 0.703108
4666 0.498500 0.703172
4667 0.498607 0.703235
4668 0.498715 0.703299
4669 0.498608 0.703363
4670 0.498501 0.703426
4671 0.498394 0.703490
4672 0.498288 0.703553
4673 0.498181 0.703617
4674 0.498074 0.703466
4675 0.497968 0.703529
4676 0.497861 0.703593
4677 0.497755 0.703442
4678 0.497862 0.703506
4679 0.497970 0.703355
4680 0.497863 0.703419
4681 0.497757 0.703482
4682 0.497651 0.703545
4683 0.497544 0.703609
4684 0.497438 0.703672
4685 0.497332 0.703735
4686 0.497439 0.703799
4687 0.497546 0.703862
4688 0.497440 0.703925
4689 0.497547 0.703775
4690 0.497441 0.703838
4691 0.497335 0.703901
4692 0.497442 0.703964
4693 0.497336 0.703814
4694 0.497231 0.703877
4695 0.497125 0.703940
4696 0.497019 0.704003
4697 0.497126 0.704066
4698 0.497020 0.704129
4699 0.496914 0.704192
4700 0.497021 0.704043
4701 0.497128 0.704106
4702 0.497235 0.704168
4703 0.497342 0.704019
4704 0.497449 0.704082
4705 0.497556 0.704145
4706 0.497663 0.704207
4707 0.497557 0.704270
4708 0.497664 0.704333
4709 0.497558 0.704396
4710 0.497452 0.704459
4711 0.497559 0.704309
4712 0.497453 0.704372
4713 0.497348 0.704435
4714 0.497242 0.704497
4715 0.497349 0.704560
4716 0.497243 0.704411
4717 0.497350 0.704473
4718 0.497457 0.704536
4719 0.497351 0.704598
4720 0.497458 0.704449
4721 0.497564 0.704512
4722 0.497459 0.704363
4723 0.497353 0.704213
4724 0.497248 0.704276
4725 0.497354 0.704339
4726 0.497461 0.704401
4727 0.497356 0.704464
4728 0.497250 0.704526
4729 0.497357 0.704589
4730 0.497252 0.704651
4731 0.497146 0.704714
4732 0.497253 0.704776
4733 0.497359 0.704627
4734 0.497254 0.704478
4735 0.497360 0.704329
4736 0.497255 0.704392
4737 0.497150 0.704243
4738 0.497256 0.704095
4739 0.497151 0.704157
4740 0.497046 0.704219
4741 0.497152 0.704282
4742 0.497259 0.704344
4743 0.497365 0.704406
4744 0.497470 0.704469
4745 0.497366 0.704320
4746 0.497261 0.704383
4747 0.497367 0.704445
4748 0.497473 0.704297
4749 0.497368 0.704148
4750 0.497474 0.704000
4751 0.497369 0.704062
4752 0.497264 0.704125
4753 0.497370 0.704187
4754 0.497265 0.704249
4755 0.497371 0.704311
4756 0.497477 0.704163
4757 0.497583 0.704015
4758 0.497478 0.703867
4759 0.497584 0.703719
4760 0.497479 0.703571
4761 0.497585 0.703634
4762 0.497690 0.703486
4763 0.497796 0.703338
4764 0.497901 0.703191
4765 0.497796 0.703253
4766 0.497692 0.703315
4767 0.497588 0.703377
4768 0.497693 0.703440
4769 0.497798 0.703292
4770 0.497694 0.703354
4771 0.497590 0.703416
4772 0.497695 0.703479
4773 0.497591 0.703541
4774 0.497696 0.703393
4775 0.497592 0.703246
4776 0.497487 0.703308
4777 0.497593 0.703370
4778 0.497698 0.703432
4779 0.497594 0.703285
4780 0.497699 0.703347
4781 0.497804 0.703409
4782 0.497909 0.703262
4783 0.497805 0.703115
4784 0.497701 0.703177
4785 0.497597 0.703239
4786 0.497702 0.703092
4787 0.497807 0.702945
4788 0.497703 0.703008
4789 0.497599 0.703070
4790 0.497495 0.703132
4791 0.497600 0.702985
4792 0.497496 0.702838
4793 0.497601 0.702900
4794 0.497705 0.702962
4795 0.497810 0.702815
4796 0.497915 0.702877
4797 0.497811 0.702939
4798 0.497707 0.703001
4799 0.497604 0.702855
4800 0.497500 0.702917
4801 0.497605 0.702979
4802 0.497709 0.703040
4803 0.497606 0.703102
4804 0.497710 0.703164
4805 0.497607 0.703226
4806 0.497711 0.703288
4807 0.497608 0.703349
4808 0.497504 0.703411
4809 0.497609 0.703473
4810 0.497713 0.703534
4811 0.497818 0.703388
4812 0.497922 0.703242
4813 0.498026 0.703304
4814 0.498130 0.703365
4815 0.498027 0.703427
4816 0.497924 0.703488
4817 0.498028 0.703550
4818 0.497924 0.703611
4819 0.497821 0.703673
4820 0.497718 0.703527
4821 0.497615 0.703588
4822 0.497511 0.703650
4823 0.497616 0.703711
4824 0.497720 0.703773
4825 0.497824 0.703834
4826 0.497928 0.703896
4827 0.497825 0.703957
4828 0.497722 0.704018
4829 0.497826 0.704080
4830 0.497930 0.703934
4831 0.497827 0.703995
4832 0.497724 0.703849
4833 0.497621 0.703911
4834 0.497724 0.703972
4835 0.497622 0.703826
4836 0.497519 0.703888
4837 0.497416 0.703949
4838 0.497313 0.703803
4839 0.497210 0.703864
4840 0.497107 0.703926
4841 0.497211 0.703987
4842 0.497315 0.704048
4843 0.497419 0.703903
4844 0.497316 0.703757
4845 0.497420 0.703818
4846 0.497317 0.703879
4847 0.497421 0.703941
4848 0.497525 0.704002
4849 0.497422 0.703856
4850 0.497526 0.703918
4851 0.497423 0.703772
4852 0.497527 0.703627
4853 0.497630 0.703482
4854 0.497528 0.703543
4855 0.497631 0.703399
4856 0.497529 0.703254
4857 0.497426 0.703109
4858 0.497324 0.703170
4859 0.497222 0.703025
4860 0.497119 0.702881
4861 0.497223 0.702942
4862 0.497121 0.702797
4863 0.497018 0.702653
4864 0.497122 0.702714
4865 0.497225 0.702569
4866 0.497328 0.702630
4867 0.497432 0.702486
4868 0.497535 0.702342
4869 0.497433 0.702198
4870 0.497331 0.702259
4871 0.497434 0.702320
4872 0.497332 0.702381
4873 0.497435 0.702237
4874 0.497333 0.702093
4875 0.497231 0.702154
4876 0.497129 0.702010
4877 0.497232 0.701866
4878 0.497335 0.701927
4879 0.497233 0.701783
4880 0.497336 0.701639
4881 0.497234 0.701700
4882 0.497337 0.701762
4883 0.497440 0.701823
4884 0.497338 0.701884
4885 0.497236 0.701945
4886 0.497135 0.702006
4887 0.497033 0.701862
4888 0.497136 0.701923
4889 0.497239 0.701984
4890 0.497342 0.702045
4891 0.497240 0.702106
4892 0.497138 0.702167
4893 0.497037 0.702228
4894 0.496935 0.702289
4895 0.497038 0.702349
4896 0.496936 0.702206
4897 0.497039 0.702267
4898 0.496938 0.702327
4899 0.497040 0.702388
4900 0.496939 0.702245
4901 0.497041 0.702102
4902 0.497144 0.701958
4903 0.497043 0.701815
4904 0.496941 0.701876
4905 0.497044 0.701937
4906 0.496943 0.701998
4907 0.497045 0.702058
4908 0.496944 0.702119
4909 0.496843 0.702180
4910 0.496741 0.702037
4911 0.496640 0.702097
4912 0.496539 0.701954
4913 0.496642 0.702015
4914 0.496540 0.702076
4915 0.496643 0.702136
4916 0.496745 0.702197
4917 0.496644 0.702054
4918 0.496543 0.702115
4919 0.496442 0.702175
4920 0.496545 0.702033
4921 0.496647 0.702093
4922 0.496749 0.702154
4923 0.496852 0.702214
4924 0.496751 0.702275
4925 0.496650 0.702335
4926 0.496549 0.702192
4927 0.496448 0.702253
4928 0.496550 0.702110
4929 0.496450 0.702171
4930 0.496349 0.702028
4931 0.496451 0.702089
4932 0.496350 0.702149
4933 0.496452 0.702210
4934 0.496352 0.702270
4935 0.496251 0.702330
4936 0.496151 0.702391
4937 0.496253 0.702451
4938 0.496355 0.702511
4939 0.496457 0.702571
4940 0.496356 0.702632
4941 0.496458 0.702692
4942 0.496560 0.702550
4943 0.496662 0.702610
4944 0.496561 0.702670
4945 0.496461 0.702730
4946 0.496361 0.702790
4947 0.496463 0.702850
4948 0.496564 0.702910
4949 0.496464 0.702970
4950 0.496566 0.703030
4951 0.496667 0.703090
4952 0.496769 0.702948
4953 0.496669 0.703008
4954 0.496770 0.703068
4955 0.496670 0.702926
4956 0.496570 0.702986
4957 0.496470 0.703046
4958 0.496370 0.703106
4959 0.496471 0.703166
4960 0.496371 0.703226
4961 0.496271 0.703286
4962 0.496372 0.703345
4963 0.496474 0.703405
4964 0.496374 0.703263
4965 0.496475 0.703323
4966 0.496375 0.703182
4967 0.496275 0.703241
4968 0.496176 0.703301
4969 0.496076 0.703361
4970 0.495976 0.703421
4971 0.495876 0.703279
4972 0.495776 0.703339
4973 0.495677 0.703197
4974 0.495577 0.703056
4975 0.495678 0.702915
4976 0.495780 0.702974
4977 0.495881 0.703034
4978 0.495781 0.702893
4979 0.495682 0.702752
4980 0.495582 0.702811
4981 0.495684 0.702871
4982 0.495584 0.702730
4983 0.495485 0.702589
4984 0.495586 0.702648
4985 0.495687 0.702708
4986 0.495588 0.702768
4987 0.495689 0.702827
4988 0.495589 0.702686
4989 0.495490 0.702746
4990 0.495391 0.702806
4991 0.495492 0.702865
4992 0.495393 0.702925
4993 0.495494 0.702984
4994 0.495595 0.703044
4995 0.495495 0.703103
4996 0.495596 0.703163
4997 0.495697 0.703222
4998 0.495598 0.703281
4999 0.495699 0.703141
5000 0.495600 0.703200
5001 0.495701 0.703059
5002 0.495602 0.703119
5003 0.495703 0.703178
5004 0.495604 0.703237
5005 0.495704 0.703097
5006 0.495805 0.702956
5007 0.495906 0.703016
5008 0.496006 0.703075
5009 0.495907 0.703134
5010 0.495808 0.702994
5011 0.495909 0.702854
5012 0.495810 0.702913
5013 0.495711 0.702773
5014 0.495812 0.702832
5015 0.495713 0.702891
5016 0.495614 0.702951
5017 0.495715 0.702810
5018 0.495616 0.702870
5019 0.495716 0.702929
5020 0.495618 0.702988
5021 0.495519 0.703047
5022 0.495420 0.703106
5023 0.495521 0.703165
5024 0.495621 0.703225
5025 0.495721 0.703284
5026 0.495623 0.703144
5027 0.495524 0.703004
5028 0.495426 0.702864
5029 0.495327 0.702923
5030 0.495427 0.702982
5031 0.495528 0.703041
5032 0.495429 0.703100
5033 0.495331 0.703159
5034 0.495232 0.703019
5035 0.495134 0.703078
5036 0.495036 0.703137
5037 0.495136 0.703196
5038 0.495038 0.703255
5039 0.495138 0.703314
5040 0.495238 0.703373
5041 0.495140 0.703432
5042 0.495240 0.703491
5043 0.495340 0.703549
5044 0.495440 0.703410
5045 0.495342 0.703469
5046 0.495244 0.703528
5047 0.495146 0.703586
5048 0.495246 0.703645
5049 0.495148 0.703506
5050 0.495050 0.703564
5051 0.494951 0.703623
5052 0.495051 0.703484
5053 0.495151 0.703542
5054 0.495053 0.703601
5055 0.494955 0.703660
5056 0.495055 0.703718
5057 0.495155 0.703777
5058 0.495255 0.703836
5059 0.495157 0.703696
5060 0.495059 0.703755
5061 0.495159 0.703813
5062 0.495259 0.703872
5063 0.495358 0.703930
5064 0.495458 0.703989
5065 0.495360 0.704047
5066 0.495263 0.704106
5067 0.495165 0.704164
5068 0.495264 0.704223
5069 0.495364 0.704281
5070 0.495464 0.704339
5071 0.495563 0.704398
5072 0.495465 0.704456
5073 0.495368 0.704514
5074 0.495467 0.704375
5075 0.495567 0.704236
5076 0.495469 0.704295
5077 0.495371 0.704353
5078 0.495274 0.704411
5079 0.495373 0.704272
5080 0.495472 0.704331
5081 0.495572 0.704389
5082 0.495671 0.704447
5083 0.495573 0.704505
5084 0.495476 0.704563
5085 0.495575 0.704621
5086 0.495478 0.704483
5087 0.495577 0.704541
5088 0.495676 0.704403
5089 0.495579 0.704461
5090 0.495678 0.704322
5091 0.495580 0.704184
5092 0.495679 0.704046
5093 0.495582 0.704104
5094 0.495485 0.704162
5095 0.495388 0.704220
5096 0.495290 0.704082
5097 0.495193 0.704140
5098 0.495292 0.704198
5099 0.495391 0.704256
5100 0.495294 0.704314
5101 0.495197 0.704372
5102 0.495100 0.704234
5103 0.495199 0.704292
5104 0.495298 0.704154
5105 0.495201 0.704016
5106 0.495300 0.704074
5107 0.495203 0.703936
5108 0.495106 0.703994
5109 0.495205 0.704052
5110 0.495108 0.704110
5111 0.495011 0.704167
5112 0.495110 0.704030
5113 0.495208 0.704088
5114 0.495307 0.703950
5115 0.495406 0.703812
5116 0.495309 0.703870
5117 0.495407 0.703928
5118 0.495506 0.703791
5119 0.495409 0.703848
5120 0.495508 0.703906
5121 0.495606 0.703964
5122 0.495510 0.703827
5123 0.495608 0.703884
5124 0.495511 0.703942
5125 0.495610 0.704000
5126 0.495513 0.703863
5127 0.495416 0.703920
5128 0.495320 0.703978
5129 0.495223 0.703841
5130 0.495127 0.703704
5131 0.495030 0.703761
5132 0.495129 0.703819
5133 0.495032 0.703877
5134 0.495131 0.703935
5135 0.495034 0.703992
5136 0.495132 0.704050
5137 0.495036 0.704107
5138 0.495134 0.703970
5139 0.495038 0.704028
5140 0.494942 0.704086
5141 0.495040 0.704143
5142 0.495138 0.704006
5143 0.495236 0.704064
5144 0.495334 0.704121
5145 0.495432 0.704179
5146 0.495336 0.704236
5147 0.495240 0.704294
5148 0.495338 0.704157
5149 0.495242 0.704214
5150 0.495340 0.704272
5151 0.495438 0.704329
5152 0.495342 0.704387
5153 0.495245 0.704444
5154 0.495343 0.704501
5155 0.495247 0.704559
5156 0.495345 0.704616
5157 0.495249 0.704673
5158 0.495153 0.704537
5159 0.495251 0.704594
5160 0.495155 0.704457
5161 0.495059 0.704321
5162 0.494963 0.704378
5163 0.494867 0.704242
5164 0.494965 0.704105
5165 0.494869 0.704163
5166 0.494774 0.704026
5167 0.494871 0.704084
5168 0.494969 0.704141
5169 0.494873 0.704005
5170 0.494778 0.703868
5171 0.494875 0.703926
5172 0.494973 0.703983
5173 0.495071 0.704040
5174 0.494975 0.703904
5175 0.495072 0.703768
5176 0.495170 0.703825
5177 0.495268 0.703883
5178 0.495172 0.703940
5179 0.495076 0.703997
5180 0.495174 0.704054
5181 0.495078 0.704111
5182 0.495176 0.704168
5183 0.495080 0.704032
5184 0.495177 0.704090
5185 0.495082 0.704147
5186 0.495179 0.704204
5187 0.495084 0.704261
5188 0.495181 0.704318
5189 0.495086 0.704182
5190 0.494990 0.704239
5191 0.495088 0.704103
5192 0.495185 0.704160
5193 0.495090 0.704025
5194 0.495187 0.703889
5195 0.495284 0.703754
5196 0.495381 0.703811
5197 0.495286 0.703675
5198 0.495383 0.703732
5199 0.495480 0.703597
5200 0.495577 0.703654
5201 0.495674 0.703711
5202 0.495771 0.703768
5203 0.495868 0.703825
5204 0.495772 0.703882
5205 0.495869 0.703939
5206 0.495966 0.703995
5207 0.496063 0.703860
5208 0.496160 0.703725
5209 0.496065 0.703782
5210 0.496161 0.703839
5211 0.496066 0.703896
5212 0.495971 0.703952
5213 0.496068 0.704009
5214 0.495972 0.704066
5215 0.496069 0.704123
5216 0.496166 0.703988
5217 0.496071 0.704044
5218 0.496167 0.703910
5219 0.496264 0.703966
5220 0.496169 0.704023
5221 0.496074 0.703888
5222 0.495979 0.703753
5223 0.496075 0.703619
5224 0.495980 0.703675
5225 0.495885 0.703732
5226 0.495982 0.703789
5227 0.495887 0.703845
5228 0.495792 0.703902
5229 0.495697 0.703959
5230 0.495793 0.704015
5231 0.495890 0.704072
5232 0.495986 0.703937
5233 0.496083 0.703994
5234 0.496179 0.704050
5235 0.496275 0.704107
5236 0.496371 0.704163
5237 0.496467 0.704029
5238 0.496564 0.704086
5239 0.496660 0.703951
5240 0.496756 0.704008
5241 0.496852 0.704064
5242 0.496757 0.704121
5243 0.496853 0.703986
5244 0.496949 0.704043
5245 0.496854 0.703908
5246 0.496950 0.703965
5247 0.497046 0.704021
5248 0.496951 0.704078
5249 0.496857 0.703944
5250 0.496952 0.704000
5251 0.496858 0.704056
5252 0.496763 0.704113
5253 0.496669 0.703979
5254 0.496764 0.704035
5255 0.496670 0.703901
5256 0.496766 0.703957
5257 0.496861 0.704014
5258 0.496957 0.703880
5259 0.496863 0.703936
5260 0.496768 0.703802
5261 0.496864 0.703859
5262 0.496959 0.703915
5263 0.497055 0.703971
5264 0.497150 0.704027
5265 0.497056 0.704084
5266 0.497152 0.703950
5267 0.497247 0.703816
5268 0.497342 0.703872
5269 0.497248 0.703929
5270 0.497154 0.703985
5271 0.497249 0.704041
5272 0.497155 0.704097
5273 0.497250 0.704153
5274 0.497345 0.704209
5275 0.497441 0.704265
5276 0.497536 0.704321
5277 0.497631 0.704377
5278 0.497726 0.704433
5279 0.497632 0.704489
5280 0.497538 0.704545
5281 0.497633 0.704601
5282 0.497539 0.704657
5283 0.497634 0.704713
5284 0.497729 0.704769
5285 0.497824 0.704825
5286 0.497919 0.704881
5287 0.497825 0.704937
5288 0.497731 0.704992
5289 0.497826 0.704859
5290 0.497921 0.704726
5291 0.498015 0.704782
5292 0.497921 0.704649
5293 0.498016 0.704704
5294 0.498111 0.704571
5295 0.498206 0.704438
5296 0.498301 0.704494
5297 0.498207 0.704550
5298 0.498301 0.704417
5299 0.498396 0.704473
5300 0.498302 0.704528
5301 0.498397 0.704584
5302 0.498491 0.704640
5303 0.498586 0.704695
5304 0.498680 0.704751
5305 0.498775 0.704618
5306 0.498681 0.704485
5307 0.498587 0.704353
5308 0.498493 0.704408
5309 0.498399 0.704464
5310 0.498493 0.704520
5311 0.498400 0.704387
5312 0.498306 0.704443
5313 0.498212 0.704310
5314 0.498306 0.704366
5315 0.498213 0.704421
5316 0.498307 0.704477
5317 0.498213 0.704533
5318 0.498120 0.704400
5319 0.498026 0.704456
5320 0.498120 0.704323
5321 0.498027 0.704191
5322 0.498121 0.704059
5323 0.498215 0.704114
5324 0.498310 0.704170
5325 0.498216 0.704038
5326 0.498310 0.704093
5327 0.498404 0.704149
5328 0.498498 0.704204
5329 0.498405 0.704260
5330 0.498311 0.704315
5331 0.498406 0.704371
5332 0.498500 0.704239
5333 0.498406 0.704294
5334 0.498500 0.704349
5335 0.498594 0.704217
5336 0.498688 0.704273
5337 0.498595 0.704328
5338 0.498689 0.704196
5339 0.498595 0.704064
5340 0.498502 0.704120
5341 0.498409 0.704175
5342 0.498315 0.704231
5343 0.498222 0.704286
5344 0.498129 0.704341
5345 0.498223 0.704397
5346 0.498129 0.704452
5347 0.498223 0.704507
5348 0.498130 0.704562
5349 0.498224 0.704618
5350 0.498131 0.704673
5351 0.498038 0.704728
5352 0.497945 0.704596
5353 0.497852 0.704652
5354 0.497759 0.704520
5355 0.497666 0.704575
5356 0.497760 0.704444
5357 0.497853 0.704499
5358 0.497760 0.704554
5359 0.497854 0.704609
5360 0.497761 0.704664
5361 0.497855 0.704719
5362 0.497949 0.704774
5363 0.497856 0.704643
5364 0.497763 0.704698
5365 0.497670 0.704753
5366 0.497764 0.704622
5367 0.497857 0.704677
5368 0.497951 0.704545
5369 0.497858 0.704600
5370 0.497952 0.704655
5371 0.498045 0.704524
5372 0.498138 0.704393
5373 0.498046 0.704448
5374 0.497953 0.704503
5375 0.498047 0.704558
5376 0.497954 0.704427
5377 0.498047 0.704296
5378 0.497955 0.704351
5379 0.497862 0.704406
5380 0.497770 0.704461
5381 0.497863 0.704516
5382 0.497956 0.704571
5383 0.498049 0.704626
5384 0.497957 0.704495
5385 0.497864 0.704550
5386 0.497772 0.704419
5387 0.497680 0.704474
5388 0.497587 0.704343
5389 0.497495 0.704398
5390 0.497403 0.704453
5391 0.497496 0.704508
5392 0.497589 0.704562
5393 0.497682 0.704617
5394 0.497590 0.704672
5395 0.497498 0.704727
5396 0.497591 0.704781
5397 0.497684 0.704651
5398 0.497592 0.704705
5399 0.497500 0.704575
5400 0.497593 0.704444
5401 0.497500 0.704314
5402 0.497408 0.704369
5403 0.497316 0.704423
5404 0.497409 0.704293
5405 0.497502 0.704348
5406 0.497410 0.704218
5407 0.497318 0.704272
5408 0.497226 0.704327
5409 0.497319 0.704382
5410 0.497227 0.704251
5411 0.497320 0.704121
5412 0.497228 0.704176
5413 0.497321 0.704231
5414 0.497229 0.704100
5415 0.497322 0.704155
5416 0.497415 0.704210
5417 0.497508 0.704264
5418 0.497601 0.704319
5419 0.497509 0.704374
5420 0.497417 0.704244
5421 0.497510 0.704298
5422 0.497418 0.704353
5423 0.497511 0.704407
5424 0.497603 0.704462
5425 0.497696 0.704516
5426 0.497604 0.704571
5427 0.497512 0.704625
5428 0.497421 0.704679
5429 0.497329 0.704734
5430 0.497422 0.704604
5431 0.497330 0.704658
5432 0.497239 0.704529
5433 0.497147 0.704583
5434 0.497240 0.704637
5435 0.497148 0.704692
5436 0.497241 0.704746
5437 0.497149 0.704800
5438 0.497242 0.704855
5439 0.497334 0.704909
5440 0.497426 0.704963
5441 0.497335 0.705017
5442 0.497427 0.705072
5443 0.497336 0.705126
5444 0.497428 0.705180
5445 0.497337 0.705051
5446 0.497429 0.705105
5447 0.497522 0.705159
5448 0.497430 0.705213
5449 0.497339 0.705084
5450 0.497431 0.705138
5451 0.497340 0.705008
5452 0.497432 0.705062
5453 0.497524 0.705116
5454 0.497433 0.704987
5455 0.497525 0.705041
5456 0.497617 0.705095
5457 0.497526 0.705149
5458 0.497435 0.705203
5459 0.497344 0.705074
5460 0.497436 0.704945
5461 0.497528 0.704816
5462 0.497437 0.704870
5463 0.497346 0.704741
5464 0.497255 0.704612
5465 0.497347 0.704666
5466 0.497439 0.704720
5467 0.497348 0.704774
5468 0.497257 0.704828
5469 0.497166 0.704699
5470 0.497258 0.704753
5471 0.497350 0.704807
5472 0.497442 0.704861
5473 0.497351 0.704915
5474 0.497260 0.704969
5475 0.497352 0.705023
5476 0.497261 0.705077
5477 0.497170 0.705131
5478 0.497262 0.705184
5479 0.497354 0.705056
5480 0.497263 0.704927
5481 0.497172 0.704798
5482 0.497081 0.704852
5483 0.497173 0.704906
5484 0.497082 0.704960
5485 0.496992 0.705014
5486 0.496901 0.705067
5487 0.496993 0.704939
5488 0.496902 0.704993
5489 0.496812 0.705046
5490 0.496721 0.705100
5491 0.496813 0.704972
5492 0.496905 0.705025
5493 0.496814 0.704897
5494 0.496906 0.704951
5495 0.496815 0.705005
5496 0.496725 0.705058
5497 0.496816 0.704930
5498 0.496726 0.704984
5499 0.496636 0.705037
5500 0.496727 0.705091
5501 0.496819 0.705145
5502 0.496728 0.705198
5503 0.496820 0.705252
5504 0.496911 0.705124
5505 0.496821 0.705177
5506 0.496731 0.705231
5507 0.496641 0.705284
5508 0.496732 0.705156
5509 0.496823 0.705210
5510 0.496915 0.705263
5511 0.496825 0.705135
5512 0.496916 0.705189
5513 0.496826 0.705061
5514 0.496917 0.705114
5515 0.496827 0.704986
5516 0.496918 0.705040
5517 0.496828 0.705093
5518 0.496919 0.705147
5519 0.497010 0.705019
5520 0.496920 0.705072
5521 0.497011 0.704945
5522 0.497102 0.704817
5523 0.497012 0.704689
5524 0.496923 0.704562
5525 0.497014 0.704615
5526 0.497105 0.704669
5527 0.497196 0.704722
5528 0.497287 0.704595
5529 0.497197 0.704648
5530 0.497107 0.704702
5531 0.497198 0.704755
5532 0.497108 0.704808
5533 0.497018 0.704862
5534 0.496928 0.704915
5535 0.497019 0.704968
5536 0.496929 0.705022
5537 0.496839 0.705075
5538 0.496930 0.705128
5539 0.497021 0.705181
5540 0.497112 0.705235
5541 0.497203 0.705288
5542 0.497293 0.705161
5543 0.497204 0.705033
5544 0.497114 0.705087
5545 0.497024 0.704959
5546 0.497115 0.705013
5547 0.497025 0.704886
5548 0.497116 0.704939
5549 0.497026 0.704812
5550 0.497117 0.704685
5551 0.497208 0.704738
5552 0.497298 0.704791
5553 0.497209 0.704844
5554 0.497299 0.704897
5555 0.497210 0.704950
5556 0.497120 0.704824
5557 0.497031 0.704877
5558 0.497121 0.704930
5559 0.497212 0.704983
5560 0.497122 0.705036
5561 0.497213 0.705089
5562 0.497303 0.705142
5563 0.497393 0.705015
5564 0.497484 0.705068
5565 0.497394 0.705121
5566 0.497485 0.705174
5567 0.497575 0.705227
5568 0.497486 0.705101
5569 0.497396 0.705154
5570 0.497307 0.705206
5571 0.497218 0.705259
5572 0.497308 0.705312
5573 0.497398 0.705365
5574 0.497309 0.705418
5575 0.497399 0.705471
5576 0.497310 0.705524
5577 0.497221 0.705576
5578 0.497311 0.705450
5579 0.497222 0.705503
5580 0.497312 0.705556
5581 0.497402 0.705608
5582 0.497313 0.705661
5583 0.497403 0.705714
5584 0.497493 0.705766
5585 0.497583 0.705640
5586 0.497673 0.705693
5587 0.497584 0.705745
5588 0.497674 0.705619
5589 0.497585 0.705493
5590 0.497674 0.705546
5591 0.497585 0.705598
5592 0.497675 0.705472
5593 0.497586 0.705525
5594 0.497676 0.705399
5595 0.497587 0.705451
5596 0.497677 0.705504
5597 0.497588 0.705557
5598 0.497678 0.705609
5599 0.497589 0.705662
5600 0.497500 0.705714
5601 0.497590 0.705767
5602 0.497679 0.705819
5603 0.497591 0.705693
5604 0.497680 0.705567
5605 0.497591 0.705442
5606 0.497681 0.705316
5607 0.497592 0.705368
5608 0.497682 0.705421
5609 0.497771 0.705473
5610 0.497683 0.705526
5611 0.497594 0.705400
5612 0.497684 0.705453
5613 0.497773 0.705505
5614 0.497862 0.705558
5615 0.497952 0.705610
5616 0.497863 0.705662
5617 0.497775 0.705715
5618 0.497686 0.705589
5619 0.497597 0.705642
5620 0.497687 0.705694
5621 0.497598 0.705568
5622 0.497688 0.705621
5623 0.497599 0.705673
5624 0.497511 0.705725
5625 0.497600 0.705778
5626 0.497689 0.705830
5627 0.497601 0.705705
5628 0.497512 0.705757
5629 0.497424 0.705632
5630 0.497513 0.705684
5631 0.497425 0.705736
5632 0.497514 0.705788
5633 0.497603 0.705663
5634 0.497693 0.705715
5635 0.497604 0.705768
5636 0.497693 0.705642
5637 0.497605 0.705695
5638 0.497694 0.705747
5639 0.497606 0.705799
5640 0.497518 0.705674
5641 0.497430 0.705549
5642 0.497519 0.705601
5643 0.497608 0.705653
5644 0.497697 0.705705
5645 0.497609 0.705580
5646 0.497520 0.705632
5647 0.497609 0.705684
5648 0.497521 0.705737
5649 0.497433 0.705789
5650 0.497345 0.705841
5651 0.497434 0.705893
5652 0.497523 0.705945
5653 0.497612 0.705997
5654 0.497701 0.706049
5655 0.497613 0.706101
5656 0.497702 0.706153
5657 0.497790 0.706028
5658 0.497879 0.706080
5659 0.497791 0.706132
5660 0.497703 0.706184
5661 0.497792 0.706236
5662 0.497704 0.706288
5663 0.497616 0.706163
5664 0.497705 0.706215
5665 0.497617 0.706267
5666 0.497706 0.706142
5667 0.497618 0.706017
5668 0.497706 0.706069
5669 0.497619 0.706121
5670 0.497707 0.706173
5671 0.497619 0.706048
5672 0.497708 0.706100
5673 0.497797 0.705976
5674 0.497709 0.706027
5675 0.497797 0.705903
5676 0.497710 0.705779
5677 0.497798 0.705831
5678 0.497710 0.705706
5679 0.497799 0.705758
5680 0.497711 0.705634
5681 0.497624 0.705510
5682 0.497536 0.705561
5683 0.497449 0.705613
5684 0.497361 0.705665
5685 0.497274 0.705541
5686 0.497362 0.705593
5687 0.497450 0.705644
5688 0.497539 0.705696
5689 0.497627 0.705748
5690 0.497540 0.705800
5691 0.497452 0.705851
5692 0.497540 0.705727
5693 0.497453 0.705779
5694 0.497541 0.705831
5695 0.497629 0.705882
5696 0.497718 0.705934
5697 0.497630 0.705810
5698 0.497543 0.705686
5699 0.497631 0.705738
5700 0.497719 0.705789
5701 0.497632 0.705841
5702 0.497545 0.705893
5703 0.497457 0.705944
5704 0.497546 0.705820
5705 0.497634 0.705872
5706 0.497722 0.705924
5707 0.497634 0.705975
5708 0.497722 0.705851
5709 0.497635 0.705903
5710 0.497548 0.705779
5711 0.497636 0.705831
5712 0.497724 0.705882
5713 0.497637 0.705934
5714 0.497550 0.705810
5715 0.497638 0.705862
5716 0.497551 0.705738
5717 0.497639 0.705615
5718 0.497726 0.705491
5719 0.497814 0.705543
5720 0.497902 0.705594
5721 0.497990 0.705471
5722 0.498078 0.705348
5723 0.498165 0.705399
5724 0.498078 0.705451
5725 0.497991 0.705502
5726 0.498079 0.705554
5727 0.497992 0.705605
5728 0.497905 0.705482
5729 0.497818 0.705533
5730 0.497906 0.705585
5731 0.497993 0.705636
5732 0.498081 0.705687
5733 0.498168 0.705564
5734 0.498256 0.705616
5735 0.498344 0.705493
5736 0.498431 0.705544
5737 0.498344 0.705421
5738 0.498432 0.705472
5739 0.498519 0.705349
5740 0.498606 0.705401
5741 0.498519 0.705452
5742 0.498607 0.705503
5743 0.498520 0.705555
5744 0.498433 0.705432
5745 0.498520 0.705309
5746 0.498608 0.705360
5747 0.498695 0.705412
5748 0.498782 0.705289
5749 0.498869 0.705340
5750 0.498783 0.705217
5751 0.498696 0.705095
5752 0.498609 0.705146
5753 0.498523 0.705023
5754 0.498610 0.705075
5755 0.498697 0.705126
5756 0.498610 0.705003
5757 0.498524 0.705055
5758 0.498611 0.705106
5759 0.498698 0.705157
5760 0.498611 0.705208
5761 0.498525 0.705086
5762 0.498438 0.705137
5763 0.498525 0.705188
5764 0.498439 0.705066
5765 0.498352 0.705117
5766 0.498266 0.704995
5767 0.498179 0.705046
5768 0.498093 0.705097
5769 0.498180 0.705148
5770 0.498094 0.705199
5771 0.498007 0.705077
5772 0.498094 0.704955
5773 0.498181 0.705006
5774 0.498095 0.704884
5775 0.498182 0.704935
5776 0.498096 0.704986
5777 0.498009 0.704864
5778 0.497923 0.704742
5779 0.498010 0.704793
5780 0.498097 0.704844
5781 0.498011 0.704895
5782 0.498098 0.704946
5783 0.498184 0.704997
5784 0.498271 0.705048
5785 0.498358 0.704927
5786 0.498272 0.704805
5787 0.498186 0.704856
5788 0.498272 0.704907
5789 0.498359 0.704958
5790 0.498273 0.705009
5791 0.498187 0.705060
5792 0.498273 0.705110
5793 0.498187 0.705161
5794 0.498101 0.705212
5795 0.498016 0.705091
5796 0.498102 0.705141
5797 0.498016 0.705020
5798 0.497930 0.705071
5799 0.498017 0.705122
5800 0.498103 0.705172
5801 0.498018 0.705051
5802 0.498104 0.705102
5803 0.498018 0.705153
5804 0.498105 0.705203
5805 0.498019 0.705082
5806 0.498105 0.705133
5807 0.498192 0.705183
5808 0.498106 0.705234
5809 0.498192 0.705285
5810 0.498279 0.705336
5811 0.498193 0.705386
5812 0.498107 0.705437
5813 0.498022 0.705488
5814 0.498108 0.705538
5815 0.498194 0.705417
5816 0.498109 0.705468
5817 0.498195 0.705518
5818 0.498281 0.705569
5819 0.498196 0.705620
5820 0.498282 0.705498
5821 0.498196 0.705377
5822 0.498111 0.705428
5823 0.498197 0.705478
5824 0.498283 0.705357
5825 0.498197 0.705408
5826 0.498284 0.705458
5827 0.498198 0.705509
5828 0.498284 0.705388
5829 0.498199 0.705267
5830 0.498113 0.705317
5831 0.498199 0.705196
5832 0.498285 0.705247
5833 0.498200 0.705297
5834 0.498115 0.705348
5835 0.498201 0.705398
5836 0.498115 0.705449
5837 0.498030 0.705499
5838 0.497945 0.705550
5839 0.498030 0.705429
5840 0.498116 0.705479
5841 0.498202 0.705530
5842 0.498117 0.705580
5843 0.498203 0.705631
5844 0.498289 0.705681
5845 0.498204 0.705731
5846 0.498118 0.705611
5847 0.498204 0.705490
5848 0.498290 0.705540
5849 0.498376 0.705420
5850 0.498462 0.705470
5851 0.498547 0.705350
5852 0.498633 0.705400
5853 0.498548 0.705450
5854 0.498463 0.705501
5855 0.498548 0.705380
5856 0.498463 0.705430
5857 0.498549 0.705481
5858 0.498634 0.705531
5859 0.498549 0.705581
5860 0.498635 0.705461
5861 0.498720 0.705511
5862 0.498806 0.705561
5863 0.498721 0.705611
5864 0.498806 0.705662
5865 0.498892 0.705712
5866 0.498807 0.705762
5867 0.498722 0.705812
5868 0.498807 0.705862
5869 0.498722 0.705912
5870 0.498637 0.705963
5871 0.498552 0.706013
5872 0.498467 0.706063
5873 0.498382 0.706113
5874 0.498468 0.706163
5875 0.498553 0.706213
5876 0.498639 0.706093
5877 0.498724 0.706143
5878 0.498639 0.706022
5879 0.498724 0.706072
5880 0.498639 0.706122
5881 0.498725 0.706002
5882 0.498810 0.705882
5883 0.498725 0.705932
5884 0.498810 0.705812
5885 0.498895 0.705862
5886 0.498981 0.705912
5887 0.499066 0.705962
5888 0.498981 0.706012
5889 0.499066 0.706062
5890 0.498981 0.706112
5891 0.498897 0.706162
5892 0.498812 0.706212
5893 0.498727 0.706262
5894 0.498643 0.706312
5895 0.498558 0.706361
5896 0.498643 0.706242
5897 0.498559 0.706291
5898 0.498474 0.706172
5899 0.498390 0.706052
5900 0.498305 0.706102
5901 0.498390 0.706151
5902 0.498475 0.706032
5903 0.498391 0.706082
5904 0.498306 0.706131
5905 0.498222 0.706012
5906 0.498137 0.705892
5907 0.498053 0.705942
5908 0.497969 0.705992
5909 0.498054 0.706042
5910 0.497970 0.706091
5911 0.498054 0.706141
5912 0.498139 0.706022
5913 0.498224 0.706071
5914 0.498140 0.706121
5915 0.498056 0.706002
5916 0.498141 0.706051
5917 0.498225 0.706101
5918 0.498141 0.706151
5919 0.498226 0.706200
5920 0.498311 0.706250
5921 0.498227 0.706300
5922 0.498143 0.706349
5923 0.498227 0.706230
5924 0.498143 0.706280
5925 0.498059 0.706329
5926 0.497975 0.706210
5927 0.497891 0.706259
5928 0.497976 0.706309
5929 0.498060 0.706359
5930 0.498145 0.706408
5931 0.498061 0.706289
5932 0.498146 0.706339
5933 0.498062 0.706388
5934 0.498146 0.706269
5935 0.498231 0.706318
5936 0.498315 0.706199
5937 0.498400 0.706081
5938 0.498484 0.706130
5939 0.498569 0.706179
5940 0.498485 0.706229
5941 0.498401 0.706278
5942 0.498317 0.706328
5943 0.498233 0.706377
5944 0.498149 0.706427
5945 0.498066 0.706308
5946 0.497982 0.706357
5947 0.498066 0.706407
5948 0.498151 0.706288
5949 0.498235 0.706169
5950 0.498151 0.706050
5951 0.498236 0.706100
5952 0.498152 0.706149
5953 0.498068 0.706199
5954 0.497985 0.706248
5955 0.498069 0.706297
5956 0.497985 0.706347
5957 0.498069 0.706228
5958 0.497986 0.706109
5959 0.497902 0.706159
5960 0.497819 0.706040
5961 0.497735 0.706090
5962 0.497652 0.706139
5963 0.497568 0.706188
5964 0.497653 0.706237
5965 0.497737 0.706287
5966 0.497821 0.706336
5967 0.497738 0.706385
5968 0.497822 0.706434
5969 0.497738 0.706483
5970 0.497655 0.706533
5971 0.497739 0.706582
5972 0.497656 0.706463
5973 0.497572 0.706513
5974 0.497489 0.706562
5975 0.497406 0.706611
5976 0.497323 0.706660
5977 0.497407 0.706542
5978 0.497324 0.706591
5979 0.497240 0.706473
5980 0.497157 0.706522
5981 0.497074 0.706404
5982 0.496991 0.706286
5983 0.496908 0.706335
5984 0.496825 0.706384
5985 0.496909 0.706266
5986 0.496993 0.706148
5987 0.496910 0.706197
5988 0.496994 0.706079
5989 0.497078 0.705961
5990 0.497162 0.705843
5991 0.497079 0.705892
5992 0.496996 0.705941
5993 0.497080 0.705823
5994 0.497164 0.705873
5995 0.497248 0.705755
5996 0.497165 0.705804
5997 0.497082 0.705686
5998 0.496999 0.705569
5999 0.496916 0.705618
6000 0.496833 0.705667
6001 0.496917 0.705549
6002 0.496834 0.705598
6003 0.496918 0.705647
6004 0.497002 0.705696
6005 0.496919 0.705745
6006 0.497003 0.705794
6007 0.497087 0.705843
6008 0.497004 0.705892
6009 0.496921 0.705941
6010 0.496839 0.705990
6011 0.496922 0.706039
6012 0.497006 0.706088
6013 0.496923 0.706137
6014 0.496841 0.706186
6015 0.496924 0.706068
6016 0.497008 0.706117
6017 0.497092 0.706166
6018 0.497175 0.706215
6019 0.497259 0.706097
6020 0.497342 0.705980
6021 0.497260 0.706029
6022 0.497177 0.705912
6023 0.497094 0.705960
6024 0.497178 0.705843
6025 0.497261 0.705726
6026 0.497179 0.705775
6027 0.497096 0.705824
6028 0.497180 0.705873
6029 0.497263 0.705921
6030 0.497347 0.705970
6031 0.497264 0.706019
6032 0.497347 0.705902
6033 0.497265 0.705785
6034 0.497183 0.705834
6035 0.497266 0.705882
6036 0.497184 0.705931
6037 0.497101 0.705980
6038 0.497184 0.706028
6039 0.497268 0.705912
6040 0.497351 0.705795
6041 0.497269 0.705843
6042 0.497352 0.705892
6043 0.497435 0.705775
6044 0.497518 0.705824
6045 0.497601 0.705873
6046 0.497519 0.705756
6047 0.497602 0.705805
6048 0.497520 0.705688
6049 0.497603 0.705736
6050 0.497686 0.705620
6051 0.497769 0.705503
6052 0.497852 0.705387
6053 0.497935 0.705435
6054 0.497853 0.705484
6055 0.497936 0.705533
6056 0.498018 0.705416
6057 0.498101 0.705465
6058 0.498184 0.705513
6059 0.498102 0.705562
6060 0.498185 0.705611
6061 0.498268 0.705659
6062 0.498185 0.705708
6063 0.498103 0.705756
6064 0.498021 0.705805
6065 0.497939 0.705853
6066 0.498022 0.705902
6067 0.497940 0.705950
6068 0.497858 0.705999
6069 0.497776 0.706047
6070 0.497694 0.706096
6071 0.497776 0.706144
6072 0.497694 0.706192
6073 0.497612 0.706241
6074 0.497695 0.706289
6075 0.497613 0.706337
6076 0.497531 0.706221
6077 0.497614 0.706105
6078 0.497697 0.706153
6079 0.497615 0.706037
6080 0.497533 0.706086
6081 0.497451 0.706134
6082 0.497369 0.706182
6083 0.497452 0.706230
6084 0.497370 0.706279
6085 0.497453 0.706327
6086 0.497371 0.706375
6087 0.497454 0.706259
6088 0.497372 0.706307
6089 0.497454 0.706356
6090 0.497537 0.706240
6091 0.497619 0.706288
6092 0.497538 0.706336
6093 0.497620 0.706384
6094 0.497703 0.706433
6095 0.497621 0.706317
6096 0.497703 0.706365
6097 0.497786 0.706413
6098 0.497704 0.706461
6099 0.497787 0.706509
6100 0.497869 0.706557
6101 0.497787 0.706442
6102 0.497870 0.706490
6103 0.497952 0.706374
6104 0.497870 0.706422
6105 0.497952 0.706470
6106 0.497871 0.706518
6107 0.497953 0.706566
6108 0.497872 0.706614
6109 0.497790 0.706662
6110 0.497872 0.706547
6111 0.497791 0.706431
6112 0.497709 0.706315
6113 0.497628 0.706200
6114 0.497547 0.706248
6115 0.497465 0.706296
6116 0.497384 0.706181
6117 0.497303 0.706229
6118 0.497221 0.706113
6119 0.497303 0.706161
6120 0.497222 0.706046
6121 0.497141 0.705930
6122 0.497060 0.705978
6123 0.496979 0.706026
6124 0.497061 0.705911
6125 0.496980 0.705959
6126 0.497062 0.705844
6127 0.497144 0.705892
6128 0.497226 0.705777
6129 0.497145 0.705825
6130 0.497227 0.705873
6131 0.497309 0.705921
6132 0.497391 0.705806
6133 0.497473 0.705854
6134 0.497392 0.705902
6135 0.497474 0.705949
6136 0.497555 0.705997
6137 0.497474 0.706045
6138 0.497556 0.706093
6139 0.497475 0.706141
6140 0.497394 0.706026
6141 0.497476 0.706074
6142 0.497395 0.706122
6143 0.497477 0.706170
6144 0.497559 0.706217
6145 0.497640 0.706265
6146 0.497722 0.706313
6147 0.497641 0.706198
6148 0.497723 0.706246
6149 0.497642 0.706294
6150 0.497724 0.706341
6151 0.497805 0.706389
6152 0.497724 0.706437
6153 0.497643 0.706322
6154 0.497563 0.706207
6155 0.497644 0.706255
6156 0.497726 0.706303
6157 0.497645 0.706350
6158 0.497564 0.706236
6159 0.497483 0.706283
6160 0.497403 0.706169
6161 0.497484 0.706217
6162 0.497403 0.706264
6163 0.497323 0.706150
6164 0.497242 0.706197
6165 0.497161 0.706245
6166 0.497081 0.706293
6167 0.497000 0.706340
6168 0.497082 0.706388
6169 0.497001 0.706435
6170 0.497083 0.706483
6171 0.497002 0.706531
6172 0.496922 0.706578
6173 0.496841 0.706626
6174 0.496923 0.706673
6175 0.497004 0.706721
6176 0.496924 0.706768
6177 0.497005 0.706816
6178 0.497086 0.706701
6179 0.497006 0.706749
6180 0.496926 0.706796
6181 0.496845 0.706844
6182 0.496927 0.706729
6183 0.497008 0.706615
6184 0.497089 0.706501
6185 0.497009 0.706548
6186 0.497090 0.706596
6187 0.497171 0.706481
6188 0.497253 0.706367
6189 0.497172 0.706415
6190 0.497092 0.706462
6191 0.497173 0.706348
6192 0.497255 0.706234
6193 0.497174 0.706281
6194 0.497255 0.706167
6195 0.497337 0.706053
6196 0.497418 0.706101
6197 0.497337 0.706148
6198 0.497257 0.706196
6199 0.497338 0.706082
6200 0.497419 0.705968
6201 0.497339 0.706015
6202 0.497259 0.706063
6203 0.497340 0.705949
6204 0.497260 0.705835
6205 0.497180 0.705882
6206 0.497261 0.705769
6207 0.497181 0.705655
6208 0.497262 0.705541
6209 0.497343 0.705589
6210 0.497262 0.705636
6211 0.497182 0.705683
6212 0.497263 0.705731
6213 0.497183 0.705778
6214 0.497264 0.705826
6215 0.497345 0.705873
6216 0.497265 0.705920
6217 0.497185 0.705968
6218 0.497266 0.706015
6219 0.497347 0.705901
6220 0.497428 0.705949
6221 0.497348 0.705996
6222 0.497268 0.705882
6223 0.497349 0.705769
6224 0.497269 0.705816
6225 0.497189 0.705863
6226 0.497109 0.705750
6227 0.497029 0.705797
6228 0.497110 0.705845
6229 0.497191 0.705731
6230 0.497111 0.705778
6231 0.497031 0.705826
6232 0.496951 0.705873
6233 0.497032 0.705920
6234 0.496952 0.705807
6235 0.496872 0.705854
6236 0.496953 0.705901
6237 0.497034 0.705948
6238 0.497114 0.705996
6239 0.497195 0.705882
6240 0.497115 0.705929
6241 0.497036 0.705816
6242 0.497116 0.705864
6243 0.497197 0.705911
6244 0.497277 0.705798
6245 0.497358 0.705845
6246 0.497438 0.705732
6247 0.497519 0.705619
6248 0.497439 0.705666
6249 0.497520 0.705553
6250 0.497600 0.705440
6251 0.497680 0.705487
6252 0.497601 0.705534
6253 0.497681 0.705581
6254 0.497761 0.705628
6255 0.497842 0.705516
6256 0.497922 0.705563
6257 0.498002 0.705450
6258 0.498082 0.705497
6259 0.498163 0.705544
6260 0.498243 0.705591
6261 0.498323 0.705478
6262 0.498403 0.705525
6263 0.498483 0.705413
6264 0.498563 0.705460
6265 0.498484 0.705507
6266 0.498404 0.705394
6267 0.498484 0.705441
6268 0.498405 0.705488
6269 0.498485 0.705535
6270 0.498405 0.705423
6271 0.498485 0.705470
6272 0.498565 0.705517
6273 0.498486 0.705564
6274 0.498406 0.705451
6275 0.498486 0.705498
6276 0.498407 0.705545
6277 0.498487 0.705433
6278 0.498407 0.705479
6279 0.498487 0.705526
6280 0.498567 0.705414
6281 0.498488 0.705461
6282 0.498408 0.705349
6283 0.498329 0.705396
6284 0.498409 0.705442
6285 0.498488 0.705489
6286 0.498409 0.705536
6287 0.498489 0.705583
6288 0.498569 0.705471
6289 0.498489 0.705518
6290 0.498410 0.705405
6291 0.498331 0.705452
6292 0.498252 0.705499
6293 0.498331 0.705546
6294 0.498252 0.705593
6295 0.498173 0.705639
6296 0.498094 0.705527
6297 0.498174 0.705574
6298 0.498095 0.705621
6299 0.498016 0.705668
6300 0.498095 0.705714
6301 0.498175 0.705761
6302 0.498255 0.705808
6303 0.498334 0.705854
6304 0.498414 0.705901
6305 0.498335 0.705948
6306 0.498256 0.705994
6307 0.498177 0.706041
6308 0.498256 0.706088
6309 0.498177 0.706134
6310 0.498098 0.706181
6311 0.498178 0.706069
6312 0.498099 0.706115
6313 0.498020 0.706162
6314 0.498099 0.706208
6315 0.498021 0.706255
6316 0.498100 0.706143
6317 0.498021 0.706031
6318 0.498101 0.706078
6319 0.498022 0.706124
6320 0.498101 0.706013
6321 0.498181 0.706059
6322 0.498102 0.706106
6323 0.498181 0.706152
6324 0.498102 0.706199
6325 0.498024 0.706087
6326 0.498103 0.706133
6327 0.498182 0.706180
6328 0.498262 0.706226
6329 0.498183 0.706115
6330 0.498262 0.706003
6331 0.498341 0.706050
6332 0.498263 0.706096
6333 0.498342 0.706142
6334 0.498263 0.706031
6335 0.498185 0.706077
6336 0.498106 0.706124
6337 0.498185 0.706012
6338 0.498264 0.706059
6339 0.498344 0.705947
6340 0.498423 0.705994
6341 0.498502 0.705882
6342 0.498423 0.705929
6343 0.498502 0.705817
6344 0.498424 0.705864
6345 0.498503 0.705910
6346 0.498582 0.705957
6347 0.498661 0.706003
6348 0.498740 0.706049
6349 0.498661 0.706095
6350 0.498740 0.705984
6351 0.498662 0.706031
6352 0.498583 0.706077
6353 0.498505 0.706123
6354 0.498584 0.706169
6355 0.498505 0.706216
6356 0.498427 0.706262
6357 0.498348 0.706308
6358 0.498270 0.706197
6359 0.498192 0.706243
6360 0.498113 0.706132
6361 0.498192 0.706178
6362 0.498114 0.706224
6363 0.498036 0.706113
6364 0.498114 0.706160
6365 0.498036 0.706049
6366 0.498115 0.706095
6367 0.498037 0.706141
6368 0.498116 0.706187
6369 0.498037 0.706233
6370 0.497959 0.706122
6371 0.498038 0.706169
6372 0.498117 0.706215
6373 0.498039 0.706261
6374 0.497960 0.706307
6375 0.497882 0.706196
6376 0.497961 0.706085
6377 0.497883 0.706131
6378 0.497962 0.706177
6379 0.497884 0.706224
6380 0.497806 0.706270
6381 0.497884 0.706316
6382 0.497963 0.706362
6383 0.497885 0.706408
6384 0.497964 0.706297
6385 0.497886 0.706343
6386 0.497964 0.706389
6387 0.498043 0.706278
6388 0.497965 0.706324
6389 0.498044 0.706214
6390 0.497966 0.706103
6391 0.498044 0.705993
6392 0.497966 0.706039
6393 0.497888 0.706085
6394 0.497810 0.706131
6395 0.497733 0.706020
6396 0.497811 0.705910
6397 0.497890 0.705800
6398 0.497812 0.705846
6399 0.497890 0.705892
6400 0.497812 0.705938
6401 0.497891 0.705827
6402 0.497969 0.705873
6403 0.498048 0.705919
6404 0.497970 0.705965
6405 0.497892 0.706011
6406 0.497971 0.706057
6407 0.497893 0.706103
6408 0.497971 0.706149
6409 0.498050 0.706194
6410 0.497972 0.706084
6411 0.497894 0.706130
6412 0.497817 0.706176
6413 0.497739 0.706222
6414 0.497817 0.706268
6415 0.497896 0.706313
6416 0.497818 0.706359
6417 0.497896 0.706405
6418 0.497819 0.706451
6419 0.497897 0.706496
6420 0.497975 0.706542
6421 0.497898 0.706588
6422 0.497820 0.706633
6423 0.497898 0.706679
6424 0.497976 0.706725
6425 0.497899 0.706770
6426 0.497821 0.706816
6427 0.497744 0.706862
6428 0.497822 0.706907
6429 0.497900 0.706953
6430 0.497823 0.706998
6431 0.497745 0.707044
6432 0.497823 0.707090
6433 0.497901 0.706980
6434 0.497824 0.707025
6435 0.497747 0.707071
6436 0.497669 0.707116
6437 0.497592 0.707006
6438 0.497670 0.706897
6439 0.497748 0.706942
6440 0.497826 0.706832
6441 0.497749 0.706878
6442 0.497672 0.706923
6443 0.497749 0.706969
6444 0.497827 0.706859
6445 0.497905 0.706905
6446 0.497983 0.706795
6447 0.497906 0.706840
6448 0.497829 0.706886
6449 0.497752 0.706776
6450 0.497674 0.706667
6451 0.497597 0.706557
6452 0.497675 0.706603
6453 0.497598 0.706648
6454 0.497676 0.706694
6455 0.497599 0.706584
6456 0.497522 0.706629
6457 0.497600 0.706520
6458 0.497522 0.706411
6459 0.497445 0.706456
6460 0.497523 0.706502
6461 0.497601 0.706547
6462 0.497524 0.706438
6463 0.497447 0.706328
6464 0.497525 0.706219
6465 0.497602 0.706265
6466 0.497526 0.706310
6467 0.497603 0.706201
6468 0.497681 0.706092
6469 0.497759 0.705982
6470 0.497836 0.706028
6471 0.497914 0.706073
6472 0.497837 0.705964
6473 0.497914 0.706010
6474 0.497838 0.706055
6475 0.497761 0.706100
6476 0.497684 0.706146
6477 0.497607 0.706191
6478 0.497684 0.706236
6479 0.497762 0.706282
6480 0.497685 0.706173
6481 0.497608 0.706064
6482 0.497532 0.706109
6483 0.497609 0.706155
6484 0.497532 0.706200
6485 0.497610 0.706245
6486 0.497687 0.706136
6487 0.497611 0.706027
6488 0.497688 0.706073
6489 0.497611 0.705964
6490 0.497535 0.706009
6491 0.497612 0.706055
6492 0.497535 0.706100
6493 0.497613 0.706145
6494 0.497690 0.706036
6495 0.497614 0.706082
6496 0.497537 0.706127
6497 0.497614 0.706172
6498 0.497538 0.706217
6499 0.497461 0.706263
6500 0.497385 0.706154
6501 0.497462 0.706199
6502 0.497539 0.706244
6503 0.497616 0.706289
6504 0.497694 0.706335
6505 0.497617 0.706226
6506 0.497694 0.706117
6507 0.497618 0.706163
6508 0.497695 0.706208
6509 0.497619 0.706253
6510 0.497542 0.706298
6511 0.497619 0.706190
6512 0.497697 0.706235
6513 0.497620 0.706280
6514 0.497544 0.706325
6515 0.497467 0.706216
6516 0.497391 0.706262
6517 0.497315 0.706307
6518 0.497392 0.706352
6519 0.497469 0.706243
6520 0.497546 0.706288
6521 0.497623 0.706333
6522 0.497700 0.706225
6523 0.497624 0.706270
6524 0.497701 0.706315
6525 0.497625 0.706207
6526 0.497702 0.706252
6527 0.497778 0.706297
6528 0.497855 0.706342
6529 0.497932 0.706234
6530 0.498009 0.706279
6531 0.498086 0.706324
6532 0.498010 0.706369
6533 0.497934 0.706414
6534 0.497857 0.706305
6535 0.497781 0.706197
6536 0.497858 0.706089
6537 0.497782 0.706134
6538 0.497859 0.706179
6539 0.497935 0.706224
6540 0.497859 0.706269
6541 0.497783 0.706161
6542 0.497707 0.706206
6543 0.497631 0.706251
6544 0.497555 0.706296
6545 0.497632 0.706341
6546 0.497556 0.706233
6547 0.497480 0.706278
6548 0.497557 0.706323
6549 0.497633 0.706367
6550 0.497710 0.706412
6551 0.497634 0.706304
6552 0.497558 0.706197
6553 0.497635 0.706089
6554 0.497711 0.705981
6555 0.497635 0.705873
6556 0.497712 0.705918
6557 0.497636 0.705811
6558 0.497713 0.705855
6559 0.497637 0.705900
6560 0.497561 0.705945
6561 0.497485 0.705990
6562 0.497562 0.706035
6563 0.497638 0.706080
6564 0.497715 0.706124
6565 0.497791 0.706017
6566 0.497716 0.706062
6567 0.497640 0.706106
6568 0.497716 0.705999
6569 0.497640 0.706044
6570 0.497565 0.705936
6571 0.497489 0.705981
6572 0.497565 0.706026
6573 0.497642 0.705918
6574 0.497718 0.705963
6575 0.497643 0.706008
6576 0.497719 0.706052
6577 0.497795 0.706097
6578 0.497872 0.705990
6579 0.497948 0.706034
6580 0.497872 0.706079
6581 0.497797 0.706124
6582 0.497873 0.706168
6583 0.497797 0.706213
6584 0.497874 0.706258
6585 0.497798 0.706150
6586 0.497874 0.706195
6587 0.497799 0.706088
6588 0.497723 0.706132
6589 0.497648 0.706177
6590 0.497724 0.706070
6591 0.497648 0.706114
6592 0.497725 0.706007
6593 0.497801 0.706052
6594 0.497877 0.706096
6595 0.497953 0.706141
6596 0.497878 0.706034
6597 0.497802 0.706079
6598 0.497727 0.706123
6599 0.497651 0.706016
6600 0.497576 0.705909
6601 0.497500 0.705954
6602 0.497425 0.705998
6603 0.497501 0.706043
6604 0.497577 0.705936
6605 0.497653 0.705829
6606 0.497729 0.705722
6607 0.497654 0.705615
6608 0.497579 0.705508
6609 0.497655 0.705553
6610 0.497731 0.705598
6611 0.497807 0.705491
6612 0.497731 0.705535
6613 0.497807 0.705429
6614 0.497883 0.705473
6615 0.497959 0.705518
6616 0.497884 0.705562
6617 0.497809 0.705456
6618 0.497733 0.705349
6619 0.497658 0.705394
6620 0.497734 0.705438
6621 0.497659 0.705483
6622 0.497584 0.705527
6623 0.497509 0.705571
6624 0.497585 0.705616
6625 0.497660 0.705509
6626 0.497585 0.705403
6627 0.497661 0.705447
6628 0.497737 0.705341
6629 0.497662 0.705235
6630 0.497738 0.705128
6631 0.497813 0.705173
6632 0.497738 0.705217
6633 0.497814 0.705262
6634 0.497739 0.705155
6635 0.497664 0.705049
6636 0.497740 0.705093
6637 0.497665 0.705138
6638 0.497590 0.705182
6639 0.497665 0.705227
6640 0.497590 0.705271
6641 0.497515 0.705165
6642 0.497591 0.705059
6643 0.497516 0.705103
6644 0.497441 0.704997
6645 0.497517 0.705041
6646 0.497593 0.705086
6647 0.497668 0.705130
6648 0.497593 0.705174
6649 0.497669 0.705068
6650 0.497744 0.705113
6651 0.497670 0.705157
6652 0.497745 0.705201
6653 0.497821 0.705246
6654 0.497746 0.705290
6655 0.497671 0.705184
6656 0.497596 0.705228
6657 0.497672 0.705122
6658 0.497597 0.705167
6659 0.497522 0.705061
6660 0.497447 0.705105
6661 0.497523 0.705149
6662 0.497448 0.705194
6663 0.497374 0.705238
6664 0.497449 0.705282
6665 0.497524 0.705326
6666 0.497600 0.705221
6667 0.497675 0.705115
6668 0.497750 0.705159
6669 0.497826 0.705203
6670 0.497751 0.705247
6671 0.497826 0.705292
6672 0.497752 0.705336
6673 0.497827 0.705380
6674 0.497902 0.705424
6675 0.497978 0.705468
6676 0.497903 0.705512
6677 0.497828 0.705556
6678 0.497754 0.705600
6679 0.497829 0.705645
6680 0.497904 0.705539
6681 0.497830 0.705583
6682 0.497905 0.705627
6683 0.497830 0.705521
6684 0.497756 0.705566
6685 0.497831 0.705460
6686 0.497757 0.705504
6687 0.497832 0.705548
6688 0.497757 0.705592
6689 0.497683 0.705636
6690 0.497758 0.705680
6691 0.497833 0.705724
6692 0.497759 0.705619
6693 0.497684 0.705513
6694 0.497610 0.705557
6695 0.497535 0.705452
6696 0.497611 0.705496
6697 0.497686 0.705390
6698 0.497761 0.705434
6699 0.497835 0.705329
6700 0.497910 0.705224
6701 0.497985 0.705119
6702 0.498060 0.705163
6703 0.497986 0.705207
6704 0.497912 0.705101
6705 0.497987 0.705145
6706 0.498061 0.705189
6707 0.497987 0.705233
6708 0.497913 0.705277
6709 0.497988 0.705321
6710 0.497914 0.705365
6711 0.497839 0.705409
6712 0.497914 0.705453
6713 0.497989 0.705348
6714 0.497915 0.705243
6715 0.497990 0.705138
6716 0.497915 0.705182
6717 0.497990 0.705077
6718 0.498065 0.704972
6719 0.497991 0.705016
6720 0.497917 0.704911
6721 0.497843 0.704806
6722 0.497917 0.704850
6723 0.497992 0.704745
6724 0.497918 0.704789
6725 0.497993 0.704684
6726 0.498067 0.704728
6727 0.497993 0.704623
6728 0.497919 0.704518
6729 0.497994 0.704562
6730 0.497920 0.704606
6731 0.497994 0.704502
6732 0.498069 0.704545
6733 0.498143 0.704589
6734 0.498218 0.704633
6735 0.498144 0.704677
6736 0.498070 0.704721
6737 0.498145 0.704765
6738 0.498219 0.704809
6739 0.498294 0.704852
6740 0.498368 0.704896
6741 0.498294 0.704940
6742 0.498220 0.704835
6743 0.498146 0.704879
6744 0.498072 0.704923
6745 0.497999 0.704967
6746 0.497925 0.705010
6747 0.497999 0.705054
6748 0.498074 0.705098
6749 0.498000 0.704993
6750 0.497926 0.705037
6751 0.497852 0.705081
6752 0.497778 0.705124
6753 0.497705 0.705168
6754 0.497779 0.705212
6755 0.497705 0.705255
6756 0.497632 0.705151
6757 0.497706 0.705195
6758 0.497632 0.705238
6759 0.497707 0.705282
6760 0.497633 0.705178
6761 0.497707 0.705221
6762 0.497782 0.705117
6763 0.497856 0.705160
6764 0.497930 0.705056
6765 0.498004 0.705100
6766 0.498079 0.704996
6767 0.498153 0.704891
6768 0.498079 0.704935
6769 0.498153 0.704979
6770 0.498080 0.705022
6771 0.498154 0.705066
6772 0.498228 0.705109
6773 0.498154 0.705153
6774 0.498229 0.705196
6775 0.498155 0.705240
6776 0.498081 0.705136
6777 0.498156 0.705032
6778 0.498082 0.705075
6779 0.498009 0.705119
6780 0.498083 0.705162
6781 0.498009 0.705058
6782 0.498083 0.704954
6783 0.498010 0.704850
6784 0.497936 0.704894
6785 0.498010 0.704937
6786 0.498084 0.704833
6787 0.498158 0.704730
6788 0.498232 0.704773
6789 0.498306 0.704817
6790 0.498380 0.704860
6791 0.498307 0.704756
6792 0.498380 0.704800
6793 0.498307 0.704843
6794 0.498381 0.704739
6795 0.498308 0.704783
6796 0.498381 0.704826
6797 0.498455 0.704870
6798 0.498382 0.704766
6799 0.498309 0.704662
6800 0.498235 0.704706
6801 0.498162 0.704749
6802 0.498089 0.704646
6803 0.498163 0.704542
6804 0.498089 0.704439
6805 0.498163 0.704482
6806 0.498090 0.704378
6807 0.498017 0.704422
6808 0.497944 0.704465
6809 0.498017 0.704509
6810 0.498091 0.704552
6811 0.498018 0.704596
6812 0.497945 0.704492
6813 0.498018 0.704535
6814 0.497945 0.704579
6815 0.497872 0.704622
6816 0.497946 0.704519
6817 0.498020 0.704415
6818 0.498093 0.704312
6819 0.498020 0.704209
6820 0.498094 0.704106
6821 0.498167 0.704149
6822 0.498241 0.704046
6823 0.498168 0.704089
6824 0.498095 0.704132
6825 0.498022 0.704176
6826 0.498096 0.704219
6827 0.498169 0.704116
6828 0.498096 0.704159
6829 0.498170 0.704203
6830 0.498097 0.704246
6831 0.498024 0.704289
6832 0.498097 0.704186
6833 0.498171 0.704229
6834 0.498098 0.704273
6835 0.498025 0.704170
6836 0.498098 0.704067
6837 0.498172 0.704110
6838 0.498099 0.704153
6839 0.498172 0.704197
6840 0.498099 0.704094
6841 0.498173 0.704137
6842 0.498100 0.704180
6843 0.498173 0.704077
6844 0.498247 0.703974
6845 0.498174 0.704018
6846 0.498101 0.704061
6847 0.498028 0.704104
6848 0.497956 0.704001
6849 0.498029 0.704044
6850 0.498102 0.704088
6851 0.498175 0.704131
6852 0.498103 0.704174
6853 0.498176 0.704217
6854 0.498103 0.704260
6855 0.498031 0.704158
6856 0.497958 0.704201
6857 0.497885 0.704098
6858 0.497813 0.703995
6859 0.497740 0.704038
6860 0.497668 0.704082
6861 0.497595 0.703979
6862 0.497668 0.704022
6863 0.497742 0.703920
6864 0.497669 0.703817
6865 0.497597 0.703860
6866 0.497670 0.703758
6867 0.497597 0.703655
6868 0.497525 0.703698
6869 0.497452 0.703596
6870 0.497525 0.703639
6871 0.497453 0.703537
6872 0.497526 0.703580
6873 0.497454 0.703623
6874 0.497527 0.703521
6875 0.497455 0.703564
6876 0.497382 0.703607
6877 0.497310 0.703504
6878 0.497238 0.703548
6879 0.497311 0.703591
6880 0.497238 0.703634
6881 0.497166 0.703677
6882 0.497094 0.703575
6883 0.497167 0.703472
6884 0.497095 0.703515
6885 0.497168 0.703558
6886 0.497241 0.703602
6887 0.497169 0.703645
6888 0.497242 0.703688
6889 0.497315 0.703731
6890 0.497242 0.703774
6891 0.497315 0.703817
6892 0.497388 0.703860
6893 0.497316 0.703903
6894 0.497244 0.703945
6895 0.497317 0.703843
6896 0.497390 0.703886
6897 0.497463 0.703929
6898 0.497391 0.703972
6899 0.497463 0.704015
6900 0.497536 0.703913
6901 0.497609 0.703956
6902 0.497537 0.703999
6903 0.497465 0.703897
6904 0.497538 0.703940
6905 0.497466 0.703983
6906 0.497538 0.703881
6907 0.497466 0.703924
6908 0.497394 0.703822
6909 0.497467 0.703865
6910 0.497395 0.703763
6911 0.497323 0.703661
6912 0.497396 0.703704
6913 0.497324 0.703747
6914 0.497252 0.703645
6915 0.497325 0.703688
6916 0.497397 0.703730
6917 0.497470 0.703773
6918 0.497543 0.703816
6919 0.497615 0.703714
6920 0.497543 0.703757
6921 0.497471 0.703800
6922 0.497400 0.703843
6923 0.497472 0.703741
6924 0.497545 0.703784
6925 0.497473 0.703827
6926 0.497545 0.703869
6927 0.497474 0.703912
6928 0.497402 0.703811
6929 0.497474 0.703853
6930 0.497547 0.703896
6931 0.497475 0.703939
6932 0.497548 0.703982
6933 0.497476 0.704024
6934 0.497548 0.704067
6935 0.497477 0.704110
6936 0.497549 0.704152
6937 0.497621 0.704051
6938 0.497550 0.704093
6939 0.497478 0.703992
6940 0.497550 0.703890
6941 0.497479 0.703933
6942 0.497551 0.703832
6943 0.497479 0.703730
6944 0.497552 0.703773
6945 0.497480 0.703816
6946 0.497553 0.703858
6947 0.497625 0.703901
6948 0.497697 0.703944
6949 0.497626 0.703986
6950 0.497698 0.704029
6951 0.497770 0.704071
6952 0.497842 0.703970
6953 0.497915 0.703869
6954 0.497843 0.703911
6955 0.497771 0.703954
6956 0.497700 0.703997
6957 0.497772 0.703895
6958 0.497844 0.703938
6959 0.497916 0.703837
6960 0.497845 0.703879
6961 0.497773 0.703778
6962 0.497702 0.703821
6963 0.497630 0.703863
6964 0.497702 0.703906
6965 0.497631 0.703948
6966 0.497703 0.703991
6967 0.497775 0.704033
6968 0.497704 0.704076
6969 0.497632 0.704118
6970 0.497561 0.704161
6971 0.497490 0.704203
6972 0.497562 0.704246
6973 0.497634 0.704288
6974 0.497706 0.704330
6975 0.497778 0.704373
6976 0.497850 0.704415
6977 0.497922 0.704458
6978 0.497994 0.704500
6979 0.498066 0.704542
6980 0.497994 0.704585
6981 0.498066 0.704484
6982 0.497995 0.704526
6983 0.497924 0.704425
6984 0.497852 0.704467
6985 0.497924 0.704510
6986 0.497853 0.704552
6987 0.497782 0.704594
6988 0.497710 0.704637
6989 0.497639 0.704679
6990 0.497568 0.704578
6991 0.497640 0.704620
6992 0.497569 0.704519
6993 0.497497 0.704419
6994 0.497569 0.704461
6995 0.497498 0.704503
6996 0.497570 0.704545
6997 0.497499 0.704588
6998 0.497428 0.704487
6999 0.497357 0.704386
7000 0.497429 0.704429
7001 0.497500 0.704471
7002 0.497572 0.704513
7003 0.497501 0.704412
7004 0.497430 0.704312
7005 0.497359 0.704211
7006 0.497431 0.704111
7007 0.497502 0.704153
7008 0.497574 0.704195
7009 0.497646 0.704237
7010 0.497718 0.704280
7011 0.497647 0.704322
7012 0.497576 0.704221
7013 0.497647 0.704264
7014 0.497576 0.704306
7015 0.497648 0.704205
7016 0.497577 0.704247
7017 0.497506 0.704290
7018 0.497435 0.704332
7019 0.497364 0.704374
7020 0.497436 0.704274
7021 0.497365 0.704316
7022 0.497437 0.704358
7023 0.497366 0.704400
7024 0.497437 0.704442
7025 0.497509 0.704484
7026 0.497580 0.704526
7027 0.497652 0.704568
7028 0.497581 0.704468
7029 0.497510 0.704510
7030 0.497582 0.704410
7031 0.497653 0.704452
7032 0.497725 0.704352
7033 0.497654 0.704251
7034 0.497583 0.704293
7035 0.497512 0.704335
7036 0.497442 0.704235
7037 0.497513 0.704277
7038 0.497585 0.704177
7039 0.497656 0.704219
7040 0.497585 0.704261
7041 0.497657 0.704303
7042 0.497728 0.704345
7043 0.497799 0.704387
7044 0.497871 0.704287
7045 0.497942 0.704329
7046 0.497871 0.704371
7047 0.497800 0.704271
7048 0.497730 0.704313
7049 0.497801 0.704355
7050 0.497730 0.704397
7051 0.497802 0.704297
7052 0.497731 0.704339
7053 0.497661 0.704381
7054 0.497590 0.704423
7055 0.497519 0.704323
7056 0.497591 0.704365
7057 0.497662 0.704407
7058 0.497733 0.704449
7059 0.497804 0.704491
7060 0.497875 0.704391
7061 0.497805 0.704433
7062 0.497734 0.704475
7063 0.497664 0.704516
7064 0.497593 0.704558
7065 0.497523 0.704600
7066 0.497594 0.704642
7067 0.497665 0.704684
7068 0.497595 0.704726
7069 0.497524 0.704767
7070 0.497595 0.704809
7071 0.497525 0.704851
7072 0.497455 0.704751
7073 0.497384 0.704651
7074 0.497455 0.704693
7075 0.497527 0.704735
7076 0.497456 0.704777
7077 0.497386 0.704818
7078 0.497457 0.704719
7079 0.497387 0.704761
7080 0.497458 0.704661
7081 0.497529 0.704562
7082 0.497458 0.704603
7083 0.497388 0.704504
7084 0.497459 0.704404
7085 0.497530 0.704446
7086 0.497601 0.704488
7087 0.497531 0.704529
7088 0.497460 0.704571
7089 0.497531 0.704613
7090 0.497602 0.704654
7091 0.497532 0.704696
7092 0.497462 0.704738
7093 0.497392 0.704638
7094 0.497322 0.704680
7095 0.497393 0.704581
7096 0.497322 0.704622
7097 0.497252 0.704523
7098 0.497182 0.704424
7099 0.497112 0.704465
7100 0.497042 0.704366
7101 0.496972 0.704408
7102 0.496902 0.704309
7103 0.496973 0.704350
7104 0.496903 0.704392
7105 0.496833 0.704293
7106 0.496904 0.704334
7107 0.496975 0.704235
7108 0.496905 0.704136
7109 0.496976 0.704037
7110 0.496906 0.704079
7111 0.496977 0.704120
7112 0.497047 0.704021
7113 0.496977 0.703922
7114 0.496908 0.703964
7115 0.496978 0.703865
7116 0.497049 0.703907
7117 0.497120 0.703808
7118 0.497190 0.703849
7119 0.497120 0.703751
7120 0.497051 0.703652
7121 0.497121 0.703693
7122 0.497051 0.703735
7123 0.497122 0.703776
7124 0.497052 0.703678
7125 0.496982 0.703719
7126 0.496913 0.703761
7127 0.496843 0.703802
7128 0.496773 0.703704
7129 0.496844 0.703745
7130 0.496774 0.703787
7131 0.496845 0.703828
7132 0.496775 0.703870
7133 0.496705 0.703911
7134 0.496776 0.703953
7135 0.496847 0.703994
7136 0.496917 0.704036
7137 0.496988 0.704077
7138 0.496918 0.704119
7139 0.496848 0.704020
7140 0.496919 0.704062
7141 0.496849 0.704103
7142 0.496780 0.704004
7143 0.496710 0.703906
7144 0.496641 0.703807
7145 0.496711 0.703709
7146 0.496641 0.703750
7147 0.496712 0.703792
7148 0.496642 0.703693
7149 0.496713 0.703735
7150 0.496783 0.703636
7151 0.496854 0.703538
7152 0.496924 0.703579
7153 0.496854 0.703621
7154 0.496925 0.703662
7155 0.496995 0.703564
7156 0.496926 0.703605
7157 0.496996 0.703647
7158 0.497066 0.703548
7159 0.497136 0.703590
7160 0.497207 0.703631
7161 0.497277 0.703673
7162 0.497207 0.703574
7163 0.497138 0.703616
7164 0.497069 0.703657
7165 0.496999 0.703559
7166 0.496930 0.703600
7167 0.497000 0.703502
7168 0.497070 0.703544
7169 0.497140 0.703585
7170 0.497211 0.703626
7171 0.497281 0.703668
7172 0.497351 0.703709
7173 0.497281 0.703750
7174 0.497352 0.703791
7175 0.497282 0.703693
7176 0.497352 0.703735
7177 0.497422 0.703637
7178 0.497492 0.703678
7179 0.497562 0.703719
7180 0.497493 0.703760
7181 0.497563 0.703802
7182 0.497633 0.703843
7183 0.497564 0.703745
7184 0.497494 0.703786
7185 0.497425 0.703827
7186 0.497356 0.703729
7187 0.497426 0.703771
7188 0.497496 0.703812
7189 0.497427 0.703714
7190 0.497357 0.703755
7191 0.497427 0.703796
7192 0.497358 0.703838
7193 0.497289 0.703740
7194 0.497359 0.703781
7195 0.497290 0.703822
7196 0.497221 0.703863
7197 0.497291 0.703904
7198 0.497221 0.703946
7199 0.497291 0.703987
7200 0.497222 0.703889
7201 0.497153 0.703791
7202 0.497084 0.703832
7203 0.497015 0.703873
7204 0.496946 0.703914
7205 0.496877 0.703956
7206 0.496808 0.703997
7207 0.496878 0.704038
7208 0.496809 0.703940
7209 0.496740 0.703981
7210 0.496810 0.703883
7211 0.496880 0.703925
7212 0.496811 0.703966
7213 0.496881 0.703868
7214 0.496812 0.703770
7215 0.496881 0.703812
7216 0.496813 0.703853
7217 0.496882 0.703894
7218 0.496952 0.703935
7219 0.496883 0.703837
7220 0.496953 0.703878
7221 0.496884 0.703919
7222 0.496815 0.703960
7223 0.496885 0.704001
7224 0.496816 0.704042
7225 0.496747 0.704083
7226 0.496679 0.704124
7227 0.496610 0.704165
7228 0.496680 0.704206
7229 0.496611 0.704108
7230 0.496680 0.704149
7231 0.496612 0.704052
7232 0.496681 0.704093
7233 0.496613 0.703996
7234 0.496544 0.704036
7235 0.496614 0.703939
7236 0.496545 0.703842
7237 0.496476 0.703745
7238 0.496408 0.703786
7239 0.496339 0.703826
7240 0.496409 0.703867
7241 0.496340 0.703908
7242 0.496272 0.703949
7243 0.496341 0.703990
7244 0.496273 0.704031
7245 0.496342 0.704072
7246 0.496274 0.704113
7247 0.496205 0.704153
7248 0.496275 0.704056
7249 0.496344 0.704097
7250 0.496276 0.704000
7251 0.496207 0.704041
7252 0.496139 0.703944
7253 0.496071 0.703985
7254 0.496002 0.704025
7255 0.496072 0.704066
7256 0.496141 0.703969
7257 0.496073 0.704010
7258 0.496004 0.704051
7259 0.496074 0.704091
7260 0.496006 0.704132
7261 0.496075 0.704173
7262 0.496007 0.704214
7263 0.495938 0.704254
7264 0.495870 0.704295
7265 0.495939 0.704336
7266 0.496009 0.704377
7267 0.496078 0.704417
7268 0.496147 0.704458
7269 0.496079 0.704499
7270 0.496011 0.704539
7271 0.496080 0.704580
7272 0.496150 0.704620
7273 0.496081 0.704524
7274 0.496151 0.704564
7275 0.496082 0.704467
7276 0.496014 0.704508
7277 0.496084 0.704549
7278 0.496015 0.704589
7279 0.496085 0.704630
7280 0.496016 0.704670
7281 0.496086 0.704711
7282 0.496018 0.704614
7283 0.496087 0.704655
7284 0.496019 0.704695
7285 0.495951 0.704598
7286 0.496020 0.704502
7287 0.496089 0.704542
7288 0.496021 0.704583
7289 0.495953 0.704623
7290 0.496022 0.704664
7291 0.495954 0.704567
7292 0.495886 0.704471
7293 0.495818 0.704511
7294 0.495887 0.704415
7295 0.495956 0.704455
7296 0.496025 0.704496
7297 0.496094 0.704536
7298 0.496163 0.704577
7299 0.496095 0.704617
7300 0.496164 0.704521
7301 0.496233 0.704561
7302 0.496302 0.704465
7303 0.496234 0.704368
7304 0.496166 0.704272
7305 0.496099 0.704312
7306 0.496168 0.704216
7307 0.496100 0.704119
7308 0.496169 0.704160
7309 0.496101 0.704200
7310 0.496170 0.704241
7311 0.496102 0.704281
7312 0.496034 0.704185
7313 0.496103 0.704225
7314 0.496035 0.704266
7315 0.495967 0.704306
7316 0.495899 0.704347
7317 0.495832 0.704387
7318 0.495764 0.704291
7319 0.495833 0.704195
7320 0.495765 0.704235
7321 0.495834 0.704275
7322 0.495903 0.704316
7323 0.495972 0.704356
7324 0.496040 0.704260
7325 0.495973 0.704300
7326 0.495905 0.704204
7327 0.495837 0.704108
7328 0.495770 0.704012
7329 0.495702 0.703916
7330 0.495771 0.703956
7331 0.495840 0.703997
7332 0.495772 0.704037
7333 0.495704 0.704077
7334 0.495773 0.704118
7335 0.495706 0.704158
7336 0.495774 0.704062
7337 0.495843 0.703966
7338 0.495775 0.703870
7339 0.495844 0.703911
7340 0.495777 0.703951
7341 0.495845 0.703991
7342 0.495914 0.704032
7343 0.495983 0.704072
7344 0.495915 0.703976
7345 0.495848 0.703880
7346 0.495916 0.703784
7347 0.495985 0.703825
7348 0.495917 0.703865
7349 0.495986 0.703905
7350 0.495918 0.703946
7351 0.495851 0.703986
7352 0.495919 0.704026
7353 0.495852 0.703930
7354 0.495921 0.703971
7355 0.495853 0.703875
7356 0.495786 0.703915
7357 0.495854 0.703955
7358 0.495923 0.703860
7359 0.495855 0.703900
7360 0.495788 0.703940
7361 0.495857 0.703980
7362 0.495925 0.704021
7363 0.495993 0.704061
7364 0.495926 0.704101
7365 0.495995 0.704141
7366 0.496063 0.704046
7367 0.496131 0.704086
7368 0.496200 0.704126
7369 0.496132 0.704166
7370 0.496201 0.704206
7371 0.496133 0.704246
7372 0.496066 0.704286
7373 0.495999 0.704327
7374 0.495932 0.704367
7375 0.495864 0.704407
7376 0.495933 0.704447
7377 0.496001 0.704487
7378 0.496069 0.704391
7379 0.496138 0.704296
7380 0.496206 0.704336
7381 0.496274 0.704376
7382 0.496207 0.704281
7383 0.496275 0.704185
7384 0.496208 0.704225
7385 0.496276 0.704265
7386 0.496209 0.704305
7387 0.496142 0.704345
7388 0.496075 0.704385
7389 0.496143 0.704425
7390 0.496076 0.704465
7391 0.496144 0.704505
7392 0.496212 0.704545
7393 0.496280 0.704450
7394 0.496348 0.704355
7395 0.496416 0.704395
7396 0.496485 0.704300
7397 0.496553 0.704340
7398 0.496486 0.704380
7399 0.496554 0.704420
7400 0.496486 0.704324
7401 0.496555 0.704364
7402 0.496623 0.704269
7403 0.496691 0.704309
7404 0.496623 0.704349
7405 0.496691 0.704389
7406 0.496624 0.704429
7407 0.496692 0.704334
7408 0.496760 0.704374
7409 0.496828 0.704414
7410 0.496896 0.704453
7411 0.496829 0.704493
7412 0.496762 0.704398
7413 0.496830 0.704303
7414 0.496898 0.704343
7415 0.496831 0.704248
7416 0.496899 0.704288
7417 0.496966 0.704328
7418 0.496899 0.704368
7419 0.496967 0.704408
7420 0.496900 0.704447
7421 0.496968 0.704487
7422 0.497036 0.704527
7423 0.497104 0.704567
7424 0.497171 0.704472
7425 0.497104 0.704512
7426 0.497172 0.704417
7427 0.497240 0.704457
7428 0.497173 0.704362
7429 0.497106 0.704267
7430 0.497039 0.704307
7431 0.497107 0.704212
7432 0.497040 0.704252
7433 0.496973 0.704292
7434 0.496906 0.704197
7435 0.496974 0.704237
7436 0.497041 0.704142
7437 0.497109 0.704182
7438 0.497177 0.704087
7439 0.497110 0.704127
7440 0.497177 0.704032
7441 0.497245 0.704072
7442 0.497178 0.703977
7443 0.497246 0.704017
7444 0.497179 0.704057
7445 0.497112 0.703962
7446 0.497045 0.704002
7447 0.497113 0.703908
7448 0.497180 0.703947
7449 0.497114 0.703987
7450 0.497047 0.704027
7451 0.496980 0.704067
7452 0.496914 0.703972
7453 0.496847 0.704012
7454 0.496914 0.704052
7455 0.496982 0.704091
7456 0.497049 0.704131
7457 0.496983 0.704036
7458 0.497050 0.704076
7459 0.496984 0.704116
7460 0.497051 0.704155
7461 0.497118 0.704195
7462 0.497052 0.704235
7463 0.497119 0.704274
7464 0.497186 0.704180
7465 0.497254 0.704220
7466 0.497187 0.704125
7467 0.497121 0.704165
7468 0.497188 0.704205
7469 0.497121 0.704244
7470 0.497189 0.704150
7471 0.497122 0.704190
7472 0.497190 0.704229
7473 0.497123 0.704135
7474 0.497056 0.704174
7475 0.497124 0.704214
7476 0.497057 0.704254
7477 0.497125 0.704293
7478 0.497058 0.704333
7479 0.496992 0.704372
7480 0.496925 0.704412
7481 0.496859 0.704318
7482 0.496926 0.704357
7483 0.496860 0.704397
7484 0.496927 0.704303
7485 0.496860 0.704342
7486 0.496928 0.704382
7487 0.496861 0.704287
7488 0.496795 0.704327
7489 0.496862 0.704233
7490 0.496796 0.704272
7491 0.496863 0.704178
7492 0.496797 0.704218
7493 0.496864 0.704257
7494 0.496931 0.704163
7495 0.496865 0.704203
7496 0.496932 0.704242
7497 0.496999 0.704282
7498 0.496933 0.704321
7499 0.496866 0.704227
7500 0.496933 0.704267
7501 0.497000 0.704306
7502 0.496934 0.704212
7503 0.496868 0.704252
7504 0.496935 0.704291
7505 0.497002 0.704330
7506 0.496936 0.704370
7507 0.496870 0.704409
7508 0.496937 0.704449
7509 0.496870 0.704488
7510 0.496937 0.704527
7511 0.496871 0.704567
7512 0.496938 0.704606
7513 0.497005 0.704645
7514 0.497072 0.704552
7515 0.497139 0.704591
7516 0.497206 0.704630
7517 0.497273 0.704536
7518 0.497340 0.704576
7519 0.497274 0.704615
7520 0.497340 0.704654
7521 0.497407 0.704694
7522 0.497474 0.704733
7523 0.497408 0.704772
7524 0.497342 0.704811
7525 0.497409 0.704850
7526 0.497475 0.704890
7527 0.497542 0.704796
7528 0.497476 0.704702
7529 0.497543 0.704742
7530 0.497477 0.704781
7531 0.497411 0.704687
7532 0.497345 0.704727
7533 0.497411 0.704766
7534 0.497345 0.704805
7535 0.497279 0.704711
7536 0.497213 0.704751
7537 0.497147 0.704790
7538 0.497081 0.704829
7539 0.497148 0.704868
7540 0.497215 0.704907
7541 0.497149 0.704946
7542 0.497083 0.704985
7543 0.497017 0.705025
7544 0.496951 0.705064
7545 0.497018 0.705103
7546 0.497085 0.705142
7547 0.497019 0.705181
7548 0.497085 0.705220
7549 0.497019 0.705259
7550 0.496954 0.705298
7551 0.496888 0.705205
7552 0.496954 0.705111
7553 0.496889 0.705150
7554 0.496823 0.705189
7555 0.496889 0.705096
7556 0.496956 0.705003
7557 0.497023 0.705042
7558 0.497089 0.704948
7559 0.497156 0.704987
7560 0.497090 0.705026
7561 0.497024 0.705065
7562 0.496958 0.705104
7563 0.496893 0.705011
7564 0.496959 0.705050
7565 0.497026 0.705089
7566 0.496960 0.704996
7567 0.497027 0.705035
7568 0.497093 0.705074
7569 0.497027 0.705113
7570 0.496962 0.705152
7571 0.496896 0.705059
7572 0.496962 0.705098
7573 0.496897 0.705005
7574 0.496963 0.705044
7575 0.496898 0.704950
7576 0.496832 0.704989
7577 0.496767 0.704896
7578 0.496833 0.704803
7579 0.496899 0.704842
7580 0.496966 0.704881
7581 0.496900 0.704788
7582 0.496835 0.704827
7583 0.496769 0.704734
7584 0.496835 0.704773
7585 0.496902 0.704812
7586 0.496968 0.704719
7587 0.496903 0.704758
7588 0.496969 0.704797
7589 0.497035 0.704836
7590 0.496970 0.704743
7591 0.497036 0.704782
7592 0.496970 0.704821
7593 0.497037 0.704860
7594 0.497103 0.704899
7595 0.497038 0.704937
7596 0.497104 0.704976
7597 0.497170 0.705015
7598 0.497236 0.705054
7599 0.497171 0.705093
7600 0.497237 0.705000
7601 0.497303 0.704907
7602 0.497238 0.704946
7603 0.497304 0.704985
7604 0.497370 0.705024
7605 0.497304 0.704931
7606 0.497239 0.704838
7607 0.497174 0.704877
7608 0.497240 0.704916
7609 0.497306 0.704955
7610 0.497240 0.704993
7611 0.497175 0.704901
7612 0.497241 0.704940
7613 0.497176 0.704847
7614 0.497111 0.704886
7615 0.497177 0.704924
7616 0.497111 0.704963
7617 0.497046 0.705002
7618 0.496981 0.705041
7619 0.497047 0.704948
7620 0.497113 0.704987
7621 0.497048 0.705026
7622 0.497114 0.704933
7623 0.497048 0.704841
7624 0.496983 0.704879
7625 0.496918 0.704918
7626 0.496984 0.704826
7627 0.497050 0.704864
7628 0.496985 0.704772
7629 0.497051 0.704811
7630 0.496986 0.704849
7631 0.496920 0.704757
7632 0.496986 0.704665
7633 0.497052 0.704703
7634 0.497118 0.704742
7635 0.497184 0.704781
7636 0.497250 0.704819
7637 0.497185 0.704858
7638 0.497251 0.704897
7639 0.497185 0.704935
7640 0.497120 0.704974
7641 0.497055 0.705012
7642 0.496990 0.705051
7643 0.497056 0.704959
7644 0.496991 0.704997
7645 0.497057 0.705036
7646 0.497123 0.704944
7647 0.497058 0.704852
7648 0.496993 0.704759
7649 0.497058 0.704667
7650 0.496993 0.704575
7651 0.497059 0.704614
7652 0.496994 0.704652
7653 0.496929 0.704560
7654 0.496995 0.704599
7655 0.497061 0.704637
7656 0.496996 0.704676
7657 0.496931 0.704715
7658 0.496866 0.704623
7659 0.496932 0.704661
7660 0.496867 0.704700
7661 0.496933 0.704608
7662 0.496998 0.704646
7663 0.496933 0.704685
7664 0.496999 0.704723
7665 0.496934 0.704631
7666 0.497000 0.704670
7667 0.496935 0.704708
7668 0.497001 0.704747
7669 0.497066 0.704655
7670 0.497001 0.704563
7671 0.497067 0.704602
7672 0.497002 0.704640
7673 0.497068 0.704548
7674 0.497133 0.704587
7675 0.497199 0.704625
7676 0.497264 0.704664
7677 0.497330 0.704572
7678 0.497265 0.704611
7679 0.497200 0.704649
7680 0.497266 0.704688
7681 0.497201 0.704726
7682 0.497136 0.704764
7683 0.497071 0.704803
7684 0.497007 0.704841
7685 0.496942 0.704880
7686 0.496877 0.704918
7687 0.496943 0.704956
7688 0.496878 0.704995
7689 0.496814 0.705033
7690 0.496749 0.704941
7691 0.496814 0.704980
7692 0.496880 0.705018
7693 0.496815 0.705057
7694 0.496751 0.704965
7695 0.496816 0.704873
7696 0.496881 0.704912
7697 0.496817 0.704950
7698 0.496882 0.704988
7699 0.496818 0.705027
7700 0.496753 0.705065
7701 0.496689 0.705103
7702 0.496624 0.705142
7703 0.496690 0.705050
7704 0.496625 0.705088
7705 0.496690 0.704997
7706 0.496626 0.705035
7707 0.496562 0.705073
7708 0.496627 0.705112
7709 0.496692 0.705020
7710 0.496757 0.705058
7711 0.496693 0.704967
7712 0.496629 0.705005
7713 0.496564 0.705043
7714 0.496500 0.705082
7715 0.496436 0.705120
7716 0.496371 0.705158
7717 0.496307 0.705196
7718 0.496243 0.705235
7719 0.496308 0.705273
7720 0.496244 0.705311
7721 0.496179 0.705220
7722 0.496244 0.705258
7723 0.496180 0.705296
7724 0.496116 0.705205
7725 0.496052 0.705243
7726 0.496117 0.705151
7727 0.496053 0.705060
7728 0.496118 0.705098
7729 0.496183 0.705136
7730 0.496248 0.705175
7731 0.496314 0.705213
7732 0.496379 0.705122
7733 0.496444 0.705160
7734 0.496380 0.705198
7735 0.496445 0.705107
7736 0.496510 0.705145
7737 0.496575 0.705183
7738 0.496511 0.705221
7739 0.496447 0.705259
7740 0.496382 0.705297
7741 0.496447 0.705335
7742 0.496383 0.705244
7743 0.496448 0.705282
7744 0.496513 0.705320
7745 0.496578 0.705229
7746 0.496643 0.705138
7747 0.496708 0.705047
7748 0.496773 0.704956
7749 0.496709 0.704994
7750 0.496645 0.705032
7751 0.496581 0.705070
7752 0.496646 0.704979
7753 0.496582 0.705017
7754 0.496647 0.705055
7755 0.496712 0.704965
7756 0.496648 0.704874
7757 0.496584 0.704912
7758 0.496520 0.704821
7759 0.496456 0.704859
7760 0.496392 0.704897
7761 0.496457 0.704935
7762 0.496522 0.704973
7763 0.496586 0.704882
7764 0.496522 0.704920
7765 0.496587 0.704958
7766 0.496652 0.704996
7767 0.496717 0.705034
7768 0.496653 0.705072
7769 0.496589 0.704981
7770 0.496654 0.705019
7771 0.496719 0.705057
7772 0.496655 0.705095
7773 0.496591 0.705133
7774 0.496527 0.705171
7775 0.496463 0.705209
7776 0.496528 0.705247
7777 0.496593 0.705285
7778 0.496657 0.705323
7779 0.496593 0.705361
7780 0.496530 0.705398
7781 0.496594 0.705308
7782 0.496659 0.705346
7783 0.496595 0.705255
7784 0.496660 0.705293
7785 0.496724 0.705331
7786 0.496789 0.705240
7787 0.496725 0.705278
7788 0.496662 0.705187
7789 0.496726 0.705225
7790 0.496791 0.705263
7791 0.496855 0.705301
7792 0.496792 0.705210
7793 0.496856 0.705248
7794 0.496921 0.705286
7795 0.496985 0.705324
7796 0.497050 0.705362
7797 0.496986 0.705271
7798 0.496922 0.705181
7799 0.496859 0.705090
7800 0.496923 0.705000
7801 0.496859 0.705038
7802 0.496924 0.704947
7803 0.496860 0.704857
7804 0.496797 0.704895
7805 0.496733 0.704933
7806 0.496797 0.704971
7807 0.496862 0.705008
7808 0.496926 0.705046
7809 0.496991 0.704956
7810 0.496927 0.704994
7811 0.496991 0.704903
7812 0.497056 0.704941
7813 0.497120 0.704979
7814 0.497057 0.704889
7815 0.496993 0.704926
7816 0.497057 0.704964
7817 0.496994 0.705002
7818 0.497058 0.704912
7819 0.497122 0.704949
7820 0.497187 0.704859
7821 0.497123 0.704897
7822 0.497187 0.704935
7823 0.497124 0.704973
7824 0.497188 0.704882
7825 0.497125 0.704920
7826 0.497061 0.704830
7827 0.496998 0.704868
7828 0.497062 0.704905
7829 0.496998 0.704943
7830 0.497063 0.704981
7831 0.497127 0.705019
7832 0.497063 0.705056
7833 0.497000 0.705094
7834 0.497064 0.705131
7835 0.497001 0.705169
7836 0.496937 0.705207
7837 0.497001 0.705117
7838 0.497066 0.705154
7839 0.497002 0.705192
7840 0.497066 0.705230
7841 0.497003 0.705267
7842 0.497067 0.705305
7843 0.497004 0.705342
7844 0.496940 0.705380
7845 0.496877 0.705290
7846 0.496941 0.705328
7847 0.496878 0.705365
7848 0.496814 0.705403
7849 0.496879 0.705440
7850 0.496943 0.705350
7851 0.496879 0.705260
7852 0.496816 0.705298
7853 0.496753 0.705336
7854 0.496690 0.705246
7855 0.496754 0.705283
7856 0.496690 0.705321
7857 0.496627 0.705358
7858 0.496564 0.705396
7859 0.496501 0.705433
7860 0.496565 0.705344
7861 0.496502 0.705381
7862 0.496439 0.705291
7863 0.496503 0.705329
7864 0.496567 0.705366
7865 0.496503 0.705404
7866 0.496568 0.705441
7867 0.496504 0.705479
7868 0.496568 0.705516
7869 0.496505 0.705426
7870 0.496442 0.705464
7871 0.496506 0.705501
7872 0.496443 0.705539
7873 0.496507 0.705576
7874 0.496571 0.705486
7875 0.496508 0.705524
7876 0.496445 0.705434
7877 0.496509 0.705472
7878 0.496446 0.705509
7879 0.496383 0.705546
7880 0.496320 0.705584
7881 0.496257 0.705494
7882 0.496321 0.705532
7883 0.496385 0.705442
7884 0.496322 0.705353
7885 0.496259 0.705390
7886 0.496323 0.705427
7887 0.496260 0.705338
7888 0.496324 0.705248
7889 0.496387 0.705286
7890 0.496324 0.705196
7891 0.496262 0.705107
7892 0.496325 0.705018
7893 0.496389 0.705055
7894 0.496453 0.704966
7895 0.496517 0.705003
7896 0.496581 0.705041
7897 0.496644 0.704951
7898 0.496581 0.704989
7899 0.496645 0.705026
7900 0.496709 0.705063
7901 0.496646 0.705101
7902 0.496710 0.705138
7903 0.496647 0.705049
7904 0.496711 0.705086
7905 0.496774 0.705123
7906 0.496711 0.705034
7907 0.496649 0.704945
7908 0.496712 0.704856
7909 0.496649 0.704893
7910 0.496587 0.704804
7911 0.496650 0.704841
7912 0.496714 0.704879
7913 0.496651 0.704916
7914 0.496715 0.704953
7915 0.496778 0.704864
7916 0.496842 0.704901
7917 0.496779 0.704812
7918 0.496843 0.704850
7919 0.496780 0.704887
7920 0.496843 0.704924
7921 0.496781 0.704961
7922 0.496844 0.704999
7923 0.496782 0.705036
7924 0.496845 0.705073
7925 0.496909 0.704984
7926 0.496972 0.704895
7927 0.497035 0.704933
7928 0.496973 0.704844
7929 0.497036 0.704881
7930 0.496974 0.704918
7931 0.496911 0.704829
7932 0.496974 0.704866
7933 0.497038 0.704904
7934 0.497101 0.704941
7935 0.497038 0.704978
7936 0.497102 0.705015
7937 0.497039 0.705052
7938 0.497103 0.705089
7939 0.497166 0.705001
7940 0.497229 0.705038
7941 0.497167 0.704949
7942 0.497104 0.704986
7943 0.497041 0.705023
7944 0.496979 0.705060
7945 0.496916 0.705098
7946 0.496854 0.705135
7947 0.496791 0.705046
7948 0.496729 0.704957
7949 0.496792 0.704869
7950 0.496730 0.704906
7951 0.496793 0.704943
7952 0.496856 0.704854
7953 0.496919 0.704765
7954 0.496857 0.704803
7955 0.496794 0.704840
7956 0.496858 0.704877
7957 0.496795 0.704914
7958 0.496733 0.704951
7959 0.496670 0.704862
7960 0.496608 0.704899
7961 0.496671 0.704937
7962 0.496734 0.704848
7963 0.496672 0.704885
7964 0.496610 0.704922
7965 0.496547 0.704959
7966 0.496485 0.704996
7967 0.496423 0.705033
7968 0.496360 0.705070
7969 0.496298 0.705107
7970 0.496361 0.705144
7971 0.496425 0.705181
7972 0.496488 0.705218
7973 0.496551 0.705255
7974 0.496614 0.705167
7975 0.496677 0.705078
7976 0.496740 0.705115
7977 0.496678 0.705152
7978 0.496741 0.705189
7979 0.496804 0.705226
7980 0.496867 0.705263
7981 0.496930 0.705300
7982 0.496993 0.705337
7983 0.496931 0.705374
7984 0.496869 0.705411
7985 0.496807 0.705322
7986 0.496744 0.705359
7987 0.496807 0.705271
7988 0.496745 0.705183
7989 0.496808 0.705220
7990 0.496871 0.705257
7991 0.496809 0.705293
7992 0.496872 0.705330
7993 0.496935 0.705367
7994 0.496998 0.705404
7995 0.497061 0.705441
7996 0.497124 0.705478
7997 0.497186 0.705390
7998 0.497124 0.705426
7999 0.497062 0.705338
8000 0.497125 0.705375
8001 0.497188 0.705412
8002 0.497251 0.705449
8003 0.497314 0.705485
8004 0.497376 0.705397
8005 0.497314 0.705309
8006 0.497377 0.705346
8007 0.497315 0.705258
8008 0.497253 0.705170
8009 0.497316 0.705082
8010 0.497253 0.704994
8011 0.497316 0.705031
8012 0.497379 0.704943
8013 0.497442 0.704979
8014 0.497380 0.705016
8015 0.497442 0.705053
8016 0.497505 0.704965
8017 0.497568 0.705002
8018 0.497506 0.704914
8019 0.497568 0.704826
8020 0.497506 0.704863
8021 0.497569 0.704900
8022 0.497632 0.704812
8023 0.497694 0.704849
8024 0.497757 0.704885
8025 0.497695 0.704798
8026 0.497633 0.704834
8027 0.497695 0.704871
8028 0.497633 0.704783
8029 0.497696 0.704820
8030 0.497758 0.704857
8031 0.497696 0.704894
8032 0.497759 0.704930
8033 0.497697 0.704967
8034 0.497635 0.705004
8035 0.497573 0.705040
8036 0.497636 0.704953
8037 0.497574 0.704865
8038 0.497636 0.704902
8039 0.497699 0.704814
8040 0.497761 0.704851
8041 0.497824 0.704887
8042 0.497886 0.704800
8043 0.497824 0.704837
8044 0.497887 0.704749
8045 0.497949 0.704661
8046 0.498011 0.704698
8047 0.498074 0.704735
8048 0.498012 0.704771
8049 0.498074 0.704808
8050 0.498012 0.704720
8051 0.497951 0.704757
8052 0.498013 0.704670
8053 0.498075 0.704582
8054 0.498138 0.704495
8055 0.498076 0.704531
8056 0.498138 0.704568
8057 0.498076 0.704605
8058 0.498014 0.704517
8059 0.498077 0.704430
8060 0.498015 0.704467
8061 0.498077 0.704379
8062 0.498015 0.704416
8063 0.497954 0.704452
8064 0.498016 0.704489
8065 0.498078 0.704402
8066 0.498140 0.704438
8067 0.498079 0.704475
8068 0.498141 0.704512
8069 0.498203 0.704548
8070 0.498141 0.704461
8071 0.498080 0.704498
8072 0.498142 0.704410
8073 0.498204 0.704447
8074 0.498266 0.704484
8075 0.498328 0.704520
8076 0.498390 0.704557
8077 0.498452 0.704469
8078 0.498391 0.704506
8079 0.498453 0.704543
8080 0.498391 0.704579
8081 0.498329 0.704616
8082 0.498391 0.704652
8083 0.498330 0.704689
8084 0.498268 0.704725
8085 0.498330 0.704638
8086 0.498392 0.704675
8087 0.498331 0.704711
8088 0.498269 0.704748
8089 0.498207 0.704784
8090 0.498269 0.704821
8091 0.498208 0.704857
8092 0.498146 0.704894
8093 0.498085 0.704930
8094 0.498147 0.704967
8095 0.498085 0.704880
8096 0.498024 0.704916
8097 0.497962 0.704952
8098 0.498024 0.704989
8099 0.498086 0.705025
8100 0.498148 0.705062
8101 0.498087 0.705098
8102 0.498149 0.705011
8103 0.498211 0.705048
8104 0.498149 0.705084
8105 0.498088 0.705120
8106 0.498150 0.705157
8107 0.498088 0.705193
8108 0.498150 0.705106
8109 0.498212 0.705019
8110 0.498150 0.705055
8111 0.498089 0.705092
8112 0.498151 0.705128
8113 0.498089 0.705165
8114 0.498151 0.705201
8115 0.498090 0.705114
8116 0.498152 0.705027
8117 0.498090 0.704940
8118 0.498029 0.704977
8119 0.498091 0.704890
8120 0.498153 0.704926
8121 0.498091 0.704962
8122 0.498030 0.704999
8123 0.498092 0.705035
8124 0.498154 0.705071
8125 0.498215 0.705108
8126 0.498277 0.705021
8127 0.498339 0.705057
8128 0.498278 0.704970
8129 0.498216 0.704884
8130 0.498155 0.704920
8131 0.498217 0.704956
8132 0.498155 0.704993
8133 0.498094 0.704906
8134 0.498156 0.704942
8135 0.498095 0.704856
8136 0.498156 0.704769
8137 0.498218 0.704805
8138 0.498157 0.704719
8139 0.498218 0.704755
8140 0.498157 0.704791
8141 0.498219 0.704827
8142 0.498158 0.704864
8143 0.498219 0.704777
8144 0.498158 0.704813
8145 0.498220 0.704850
8146 0.498281 0.704886
8147 0.498220 0.704922
8148 0.498282 0.704958
8149 0.498221 0.704872
8150 0.498160 0.704908
8151 0.498221 0.704821
8152 0.498160 0.704735
8153 0.498222 0.704649
8154 0.498283 0.704562
8155 0.498345 0.704598
8156 0.498283 0.704635
8157 0.498345 0.704548
8158 0.498284 0.704584
8159 0.498223 0.704621
8160 0.498284 0.704657
8161 0.498223 0.704693
8162 0.498162 0.704729
8163 0.498224 0.704765
8164 0.498163 0.704679
8165 0.498102 0.704715
8166 0.498163 0.704751
8167 0.498225 0.704788
8168 0.498286 0.704824
8169 0.498225 0.704860
8170 0.498286 0.704896
8171 0.498225 0.704932
8172 0.498164 0.704968
8173 0.498104 0.704882
8174 0.498165 0.704918
8175 0.498226 0.704954
8176 0.498165 0.704990
8177 0.498104 0.705026
8178 0.498044 0.705062
8179 0.497983 0.704976
8180 0.498044 0.705012
8181 0.498105 0.705048
8182 0.498044 0.704962
8183 0.498106 0.704876
8184 0.498167 0.704912
8185 0.498228 0.704948
8186 0.498290 0.704862
8187 0.498229 0.704898
8188 0.498168 0.704812
8189 0.498229 0.704726
8190 0.498168 0.704762
8191 0.498108 0.704798
8192 0.498047 0.704712
8193 0.498108 0.704626
8194 0.498047 0.704662
8195 0.497987 0.704698
8196 0.497926 0.704734
8197 0.497987 0.704648
8198 0.498048 0.704684
8199 0.498110 0.704720
8200 0.498049 0.704634
8201 0.498110 0.704670
8202 0.498171 0.704706
8203 0.498110 0.704620
8204 0.498050 0.704656
8205 0.497989 0.704570
8206 0.498050 0.704606
8207 0.497990 0.704521
8208 0.498051 0.704557
8209 0.497990 0.704471
8210 0.497929 0.704507
8211 0.497991 0.704543
8212 0.498052 0.704579
8213 0.497991 0.704615
8214 0.498052 0.704651
8215 0.497991 0.704687
8216 0.497931 0.704722
8217 0.497992 0.704758
8218 0.497931 0.704673
8219 0.497992 0.704587
8220 0.497932 0.704623
8221 0.497993 0.704537
8222 0.498054 0.704573
8223 0.498115 0.704609
8224 0.498176 0.704523
8225 0.498116 0.704559
8226 0.498177 0.704595
8227 0.498238 0.704631
8228 0.498177 0.704667
8229 0.498116 0.704703
8230 0.498056 0.704739
8231 0.497995 0.704775
8232 0.497935 0.704810
8233 0.497996 0.704846
8234 0.497935 0.704882
8235 0.497875 0.704797
8236 0.497936 0.704832
8237 0.497997 0.704868
8238 0.498058 0.704904
8239 0.497997 0.704940
8240 0.498058 0.704854
8241 0.498119 0.704769
8242 0.498059 0.704683
8243 0.498120 0.704719
8244 0.498180 0.704634
8245 0.498120 0.704669
8246 0.498060 0.704705
8247 0.498121 0.704741
8248 0.498060 0.704777
8249 0.498121 0.704813
8250 0.498061 0.704848
8251 0.498121 0.704763
8252 0.498061 0.704678
8253 0.498001 0.704713
8254 0.498062 0.704628
8255 0.498001 0.704543
8256 0.497941 0.704578
8257 0.497881 0.704614
8258 0.497941 0.704650
8259 0.497881 0.704565
8260 0.497821 0.704600
8261 0.497882 0.704636
8262 0.497942 0.704551
8263 0.497882 0.704587
8264 0.497822 0.704622
8265 0.497762 0.704537
8266 0.497822 0.704573
8267 0.497883 0.704609
8268 0.497944 0.704523
8269 0.498005 0.704438
8270 0.497944 0.704474
8271 0.497884 0.704510
8272 0.497945 0.704545
8273 0.498006 0.704581
8274 0.498066 0.704617
8275 0.498127 0.704653
8276 0.498188 0.704688
8277 0.498127 0.704724
8278 0.498188 0.704760
8279 0.498128 0.704795
8280 0.498068 0.704710
8281 0.498128 0.704625
8282 0.498068 0.704540
8283 0.498129 0.704455
8284 0.498069 0.704491
8285 0.498008 0.704526
8286 0.497948 0.704441
8287 0.498009 0.704356
8288 0.497949 0.704392
8289 0.498009 0.704307
8290 0.497949 0.704343
8291 0.497889 0.704378
8292 0.497829 0.704414
8293 0.497890 0.704450
8294 0.497830 0.704485
8295 0.497770 0.704521
8296 0.497830 0.704436
8297 0.497891 0.704351
8298 0.497831 0.704266
8299 0.497771 0.704302
8300 0.497831 0.704337
8301 0.497771 0.704373
8302 0.497832 0.704288
8303 0.497772 0.704203
8304 0.497832 0.704118
8305 0.497893 0.704034
8306 0.497833 0.704069
8307 0.497773 0.704105
8308 0.497713 0.704141
8309 0.497653 0.704056
8310 0.497593 0.703971
8311 0.497654 0.704007
8312 0.497714 0.704042
8313 0.497775 0.704078
8314 0.497835 0.704114
8315 0.497895 0.704149
8316 0.497956 0.704185
8317 0.498016 0.704220
8318 0.498076 0.704256
8319 0.498017 0.704291
8320 0.498077 0.704327
8321 0.498137 0.704242
8322 0.498077 0.704278
8323 0.498138 0.704313
8324 0.498078 0.704349
8325 0.498138 0.704384
8326 0.498198 0.704300
8327 0.498139 0.704335
8328 0.498199 0.704371
8329 0.498139 0.704286
8330 0.498079 0.704322
8331 0.498139 0.704357
8332 0.498080 0.704273
8333 0.498140 0.704308
8334 0.498080 0.704344
8335 0.498140 0.704259
8336 0.498201 0.704295
8337 0.498261 0.704330
8338 0.498201 0.704366
8339 0.498141 0.704401
8340 0.498201 0.704436
8341 0.498262 0.704472
8342 0.498322 0.704387
8343 0.498262 0.704303
8344 0.498202 0.704219
8345 0.498143 0.704254
8346 0.498083 0.704289
8347 0.498023 0.704325
8348 0.497964 0.704360
8349 0.498024 0.704396
8350 0.498084 0.704431
8351 0.498144 0.704347
8352 0.498204 0.704262
8353 0.498144 0.704298
8354 0.498204 0.704214
8355 0.498145 0.704249
8356 0.498085 0.704284
8357 0.498145 0.704320
8358 0.498205 0.704355
8359 0.498265 0.704390
8360 0.498206 0.704426
8361 0.498146 0.704342
8362 0.498206 0.704377
8363 0.498266 0.704293
8364 0.498207 0.704328
8365 0.498147 0.704363
8366 0.498087 0.704279
8367 0.498147 0.704315
8368 0.498088 0.704350
8369 0.498148 0.704385
8370 0.498208 0.704421
8371 0.498268 0.704456
8372 0.498328 0.704491
8373 0.498388 0.704526
8374 0.498448 0.704562
8375 0.498388 0.704597
8376 0.498329 0.704513
8377 0.498269 0.704548
8378 0.498210 0.704583
8379 0.498150 0.704619
8380 0.498091 0.704654
8381 0.498031 0.704689
8382 0.497972 0.704605
8383 0.498032 0.704521
8384 0.498092 0.704556
8385 0.498032 0.704472
8386 0.498092 0.704388
8387 0.498033 0.704304
8388 0.497973 0.704340
8389 0.497914 0.704375
8390 0.497974 0.704410
8391 0.497914 0.704445
8392 0.497855 0.704480
8393 0.497915 0.704516
8394 0.497856 0.704432
8395 0.497915 0.704467
8396 0.497856 0.704502
8397 0.497916 0.704418
8398 0.497857 0.704334
8399 0.497916 0.704370
8400 0.497976 0.704405
8401 0.497917 0.704440
8402 0.497977 0.704475
8403 0.498036 0.704510
8404 0.497977 0.704545
8405 0.497918 0.704462
8406 0.497859 0.704497
8407 0.497799 0.704532
8408 0.497740 0.704448
8409 0.497800 0.704364
8410 0.497860 0.704281
8411 0.497919 0.704316
8412 0.497860 0.704351
8413 0.497801 0.704386
8414 0.497742 0.704421
8415 0.497802 0.704456
8416 0.497861 0.704491
8417 0.497921 0.704408
8418 0.497981 0.704443
8419 0.497921 0.704478
8420 0.497981 0.704513
8421 0.498041 0.704429
8422 0.498100 0.704464
8423 0.498160 0.704500
8424 0.498219 0.704535
8425 0.498160 0.704451
8426 0.498101 0.704486
8427 0.498042 0.704521
8428 0.498102 0.704556
8429 0.498161 0.704591
8430 0.498102 0.704508
8431 0.498043 0.704543
8432 0.498102 0.704459
8433 0.498162 0.704494
8434 0.498221 0.704529
8435 0.498162 0.704564
8436 0.498222 0.704599
8437 0.498281 0.704634
8438 0.498341 0.704669
8439 0.498282 0.704704
8440 0.498341 0.704739
8441 0.498282 0.704774
8442 0.498223 0.704691
8443 0.498283 0.704607
8444 0.498342 0.704524
8445 0.498283 0.704559
8446 0.498224 0.704594
8447 0.498165 0.704629
8448 0.498106 0.704664
8449 0.498165 0.704699
8450 0.498107 0.704734
8451 0.498166 0.704769
8452 0.498107 0.704804
8453 0.498166 0.704839
8454 0.498226 0.704755
8455 0.498285 0.704672
8456 0.498226 0.704707
8457 0.498285 0.704623
8458 0.498227 0.704658
8459 0.498286 0.704693
8460 0.498345 0.704610
8461 0.498286 0.704645
8462 0.498227 0.704680
8463 0.498168 0.704715
8464 0.498228 0.704750
8465 0.498169 0.704666
8466 0.498228 0.704701
8467 0.498169 0.704736
8468 0.498111 0.704771
8469 0.498052 0.704806
8470 0.497993 0.704723
8471 0.497934 0.704757
8472 0.497875 0.704792
8473 0.497817 0.704827
8474 0.497758 0.704862
8475 0.497817 0.704897
8476 0.497876 0.704932
8477 0.497818 0.704966
8478 0.497877 0.705001
8479 0.497936 0.704918
8480 0.497995 0.704953
8481 0.498054 0.704870
8482 0.497996 0.704905
8483 0.498055 0.704939
8484 0.497996 0.704974
8485 0.498055 0.704891
8486 0.497997 0.704926
8487 0.498056 0.704961
8488 0.498115 0.704995
8489 0.498056 0.705030
8490 0.498115 0.704947
8491 0.498057 0.704864
8492 0.497998 0.704781
8493 0.497939 0.704816
8494 0.497881 0.704733
8495 0.497940 0.704650
8496 0.497999 0.704685
8497 0.497940 0.704719
8498 0.497882 0.704754
8499 0.497941 0.704671
8500 0.498000 0.704706
8501 0.497941 0.704741
8502 0.498000 0.704775
8503 0.497942 0.704692
8504 0.497883 0.704727
8505 0.497825 0.704644
8506 0.497884 0.704561
8507 0.497825 0.704596
8508 0.497884 0.704631
8509 0.497826 0.704548
8510 0.497885 0.704583
8511 0.497944 0.704618
8512 0.498003 0.704535
8513 0.498062 0.704569
8514 0.498121 0.704604
8515 0.498180 0.704521
8516 0.498239 0.704556
8517 0.498180 0.704591
8518 0.498239 0.704508
8519 0.498181 0.704543
8520 0.498122 0.704460
8521 0.498181 0.704495
8522 0.498240 0.704529
8523 0.498299 0.704564
8524 0.498358 0.704481
8525 0.498299 0.704399
8526 0.498241 0.704433
8527 0.498182 0.704468
8528 0.498241 0.704503
8529 0.498300 0.704537
8530 0.498242 0.704572
8531 0.498183 0.704490
8532 0.498125 0.704407
8533 0.498184 0.704324
8534 0.498242 0.704242
8535 0.498184 0.704277
8536 0.498243 0.704311
8537 0.498302 0.704346
8538 0.498243 0.704380
8539 0.498302 0.704298
8540 0.498361 0.704333
8541 0.498419 0.704250
8542 0.498478 0.704285
8543 0.498420 0.704319
8544 0.498478 0.704237
8545 0.498537 0.704154
8546 0.498596 0.704189
8547 0.498654 0.704107
8548 0.498596 0.704024
8549 0.498655 0.704059
8550 0.498596 0.704094
8551 0.498655 0.704011
8552 0.498597 0.704046
8553 0.498539 0.704080
8554 0.498597 0.704115
8555 0.498539 0.704033
8556 0.498597 0.703950
8557 0.498539 0.703985
8558 0.498598 0.703903
8559 0.498656 0.703821
8560 0.498715 0.703855
8561 0.498657 0.703890
8562 0.498598 0.703924
8563 0.498657 0.703959
8564 0.498716 0.703993
8565 0.498774 0.704028
8566 0.498833 0.704063
8567 0.498774 0.703980
8568 0.498716 0.704015
8569 0.498658 0.703933
8570 0.498600 0.703967
8571 0.498658 0.703885
8572 0.498717 0.703803
8573 0.498659 0.703721
8574 0.498600 0.703756
8575 0.498659 0.703673
8576 0.498601 0.703708
8577 0.498659 0.703626
8578 0.498601 0.703661
8579 0.498660 0.703579
8580 0.498601 0.703613
8581 0.498543 0.703531
8582 0.498602 0.703566
8583 0.498660 0.703600
8584 0.498602 0.703518
8585 0.498544 0.703553
8586 0.498602 0.703587
8587 0.498544 0.703622
8588 0.498486 0.703656
8589 0.498428 0.703574
8590 0.498487 0.703492
8591 0.498429 0.703411
8592 0.498371 0.703445
8593 0.498429 0.703480
8594 0.498487 0.703398
8595 0.498546 0.703432
8596 0.498488 0.703467
8597 0.498546 0.703501
8598 0.498604 0.703419
8599 0.498663 0.703454
8600 0.498605 0.703488
8601 0.498547 0.703523
8602 0.498605 0.703441
8603 0.498663 0.703476
8604 0.498605 0.703510
8605 0.498664 0.703544
8606 0.498606 0.703579
8607 0.498548 0.703613
8608 0.498490 0.703532
8609 0.498548 0.703450
8610 0.498490 0.703484
8611 0.498548 0.703519
8612 0.498607 0.703437
8613 0.498665 0.703355
8614 0.498723 0.703274
8615 0.498781 0.703308
8616 0.498723 0.703343
8617 0.498665 0.703377
8618 0.498724 0.703295
8619 0.498782 0.703214
8620 0.498840 0.703248
8621 0.498782 0.703167
8622 0.498840 0.703201
8623 0.498782 0.703236
8624 0.498840 0.703270
8625 0.498783 0.703188
8626 0.498841 0.703107
8627 0.498783 0.703141
8628 0.498725 0.703176
8629 0.498783 0.703210
8630 0.498725 0.703129
8631 0.498668 0.703047
8632 0.498726 0.703082
8633 0.498784 0.703116
8634 0.498726 0.703035
8635 0.498668 0.703069
8636 0.498610 0.703103
8637 0.498553 0.703138
8638 0.498611 0.703172
8639 0.498553 0.703206
8640 0.498611 0.703125
8641 0.498669 0.703044
8642 0.498727 0.703078
8643 0.498669 0.703112
8644 0.498612 0.703147
8645 0.498670 0.703181
8646 0.498612 0.703100
8647 0.498670 0.703134
8648 0.498728 0.703168
8649 0.498670 0.703087
8650 0.498613 0.703121
8651 0.498555 0.703040
8652 0.498613 0.703074
8653 0.498671 0.702993
8654 0.498613 0.702912
8655 0.498671 0.702831
8656 0.498729 0.702865
8657 0.498787 0.702784
8658 0.498729 0.702818
8659 0.498672 0.702853
8660 0.498614 0.702887
8661 0.498672 0.702921
8662 0.498615 0.702955
8663 0.498673 0.702874
8664 0.498615 0.702793
8665 0.498557 0.702827
8666 0.498500 0.702862
8667 0.498558 0.702896
8668 0.498500 0.702930
8669 0.498558 0.702849
8670 0.498501 0.702884
8671 0.498443 0.702918
8672 0.498386 0.702952
8673 0.498328 0.702871
8674 0.498386 0.702905
8675 0.498444 0.702939
8676 0.498386 0.702974
8677 0.498329 0.702893
8678 0.498271 0.702812
8679 0.498214 0.702846
8680 0.498157 0.702765
8681 0.498099 0.702799
8682 0.498157 0.702718
8683 0.498100 0.702753
8684 0.498158 0.702787
8685 0.498215 0.702821
8686 0.498273 0.702855
8687 0.498216 0.702774
8688 0.498158 0.702808
8689 0.498216 0.702843
8690 0.498274 0.702877
8691 0.498332 0.702911
8692 0.498389 0.702945
8693 0.498447 0.702979
8694 0.498505 0.702899
8695 0.498562 0.702933
8696 0.498620 0.702967
8697 0.498678 0.702886
8698 0.498620 0.702920
8699 0.498678 0.702839
8700 0.498621 0.702759
8701 0.498678 0.702793
8702 0.498736 0.702712
8703 0.498679 0.702746
8704 0.498736 0.702780
8705 0.498679 0.702814
8706 0.498622 0.702849
8707 0.498679 0.702768
8708 0.498622 0.702802
8709 0.498565 0.702836
8710 0.498507 0.702870
8711 0.498565 0.702790
8712 0.498508 0.702709
8713 0.498451 0.702743
8714 0.498393 0.702777
8715 0.498451 0.702811
8716 0.498508 0.702845
8717 0.498566 0.702765
8718 0.498509 0.702799
8719 0.498566 0.702718
8720 0.498509 0.702638
8721 0.498452 0.702672
8722 0.498395 0.702591
8723 0.498338 0.702625
8724 0.498281 0.702545
8725 0.498223 0.702464
8726 0.498166 0.702498
8727 0.498109 0.702532
8728 0.498167 0.702566
8729 0.498110 0.702601
8730 0.498053 0.702520
8731 0.497996 0.702440
8732 0.498053 0.702474
8733 0.497996 0.702508
8734 0.498054 0.702542
8735 0.497997 0.702576
8736 0.498054 0.702610
8737 0.498111 0.702644
8738 0.498169 0.702678
8739 0.498112 0.702712
8740 0.498169 0.702746
8741 0.498112 0.702666
8742 0.498055 0.702700
8743 0.497998 0.702734
8744 0.498056 0.702768
8745 0.498113 0.702802
8746 0.498056 0.702721
8747 0.497999 0.702641
8748 0.497942 0.702675
8749 0.497885 0.702709
8750 0.497943 0.702743
8751 0.497886 0.702777
8752 0.497829 0.702811
8753 0.497886 0.702845
8754 0.497944 0.702879
8755 0.498001 0.702913
8756 0.498058 0.702947
8757 0.498002 0.702866
8758 0.498059 0.702786
8759 0.498116 0.702820
8760 0.498059 0.702740
8761 0.498117 0.702660
8762 0.498174 0.702693
8763 0.498117 0.702613
8764 0.498174 0.702647
8765 0.498118 0.702567
8766 0.498175 0.702487
8767 0.498118 0.702521
8768 0.498175 0.702441
8769 0.498232 0.702475
8770 0.498290 0.702509
8771 0.498347 0.702542
8772 0.498290 0.702462
8773 0.498347 0.702496
8774 0.498290 0.702530
8775 0.498234 0.702450
8776 0.498177 0.702370
8777 0.498120 0.702404
8778 0.498177 0.702324
8779 0.498234 0.702244
8780 0.498178 0.702278
8781 0.498121 0.702312
8782 0.498178 0.702346
8783 0.498235 0.702380
8784 0.498179 0.702300
8785 0.498122 0.702220
8786 0.498065 0.702254
8787 0.498008 0.702287
8788 0.498066 0.702321
8789 0.498123 0.702241
8790 0.498066 0.702275
8791 0.498123 0.702309
8792 0.498180 0.702229
8793 0.498237 0.702149
8794 0.498294 0.702183
8795 0.498238 0.702217
8796 0.498181 0.702251
8797 0.498238 0.702285
8798 0.498181 0.702205
8799 0.498125 0.702239
8800 0.498182 0.702159
8801 0.498239 0.702079
8802 0.498182 0.702000
8803 0.498126 0.702033
8804 0.498183 0.702067
8805 0.498126 0.702101
8806 0.498183 0.702021
8807 0.498126 0.702055
8808 0.498183 0.702089
8809 0.498127 0.702123
8810 0.498070 0.702157
8811 0.498014 0.702190
8812 0.497957 0.702224
8813 0.498014 0.702258
8814 0.498071 0.702292
8815 0.498128 0.702212
8816 0.498185 0.702246
8817 0.498242 0.702166
8818 0.498186 0.702200
8819 0.498129 0.702234
8820 0.498073 0.702268
8821 0.498016 0.702301
8822 0.497960 0.702335
8823 0.498017 0.702369
8824 0.497960 0.702403
8825 0.498017 0.702436
8826 0.497961 0.702470
8827 0.497904 0.702390
8828 0.497848 0.702424
8829 0.497905 0.702458
8830 0.497848 0.702492
8831 0.497905 0.702525
8832 0.497849 0.702446
8833 0.497906 0.702366
8834 0.497962 0.702400
8835 0.497906 0.702320
8836 0.497963 0.702354
8837 0.497907 0.702388
8838 0.497850 0.702421
8839 0.497794 0.702455
8840 0.497738 0.702489
8841 0.497794 0.702522
8842 0.497738 0.702443
8843 0.497682 0.702477
8844 0.497739 0.702397
8845 0.497795 0.702431
8846 0.497852 0.702464
8847 0.497909 0.702498
8848 0.497853 0.702419
8849 0.497796 0.702452
8850 0.497740 0.702486
8851 0.497684 0.702519
8852 0.497741 0.702553
8853 0.497797 0.702587
8854 0.497854 0.702507
8855 0.497798 0.702428
8856 0.497742 0.702349
8857 0.497798 0.702269
8858 0.497742 0.702303
8859 0.497799 0.702337
8860 0.497856 0.702370
8861 0.497912 0.702404
8862 0.497969 0.702437
8863 0.497913 0.702358
8864 0.497969 0.702279
8865 0.498026 0.702312
8866 0.498083 0.702233
8867 0.498139 0.702154
8868 0.498083 0.702188
8869 0.498027 0.702221
8870 0.498083 0.702142
8871 0.498027 0.702063
8872 0.498084 0.701984
8873 0.498140 0.702017
8874 0.498197 0.701938
8875 0.498254 0.701859
8876 0.498197 0.701780
8877 0.498254 0.701814
8878 0.498198 0.701847
8879 0.498254 0.701881
8880 0.498198 0.701914
8881 0.498255 0.701948
8882 0.498311 0.701869
8883 0.498255 0.701903
8884 0.498312 0.701824
8885 0.498255 0.701857
8886 0.498199 0.701778
8887 0.498256 0.701699
8888 0.498200 0.701733
8889 0.498144 0.701766
8890 0.498088 0.701687
8891 0.498032 0.701721
8892 0.497976 0.701754
8893 0.498032 0.701788
8894 0.497976 0.701709
8895 0.498033 0.701743
8896 0.497977 0.701776
8897 0.498033 0.701810
8898 0.497977 0.701843
8899 0.497921 0.701877
8900 0.497978 0.701910
8901 0.498034 0.701944
8902 0.497978 0.701977
8903 0.497922 0.702011
8904 0.497978 0.702044
8905 0.497923 0.702077
8906 0.497979 0.701999
8907 0.498035 0.701920
8908 0.497979 0.701841
8909 0.498036 0.701762
8910 0.497980 0.701796
8911 0.497924 0.701717
8912 0.497980 0.701750
8913 0.497924 0.701784
8914 0.497981 0.701817
8915 0.497925 0.701851
8916 0.497869 0.701884
8917 0.497925 0.701806
8918 0.497869 0.701839
8919 0.497814 0.701872
8920 0.497870 0.701906
8921 0.497926 0.701827
8922 0.497983 0.701861
8923 0.497927 0.701782
8924 0.497871 0.701703
8925 0.497815 0.701625
8926 0.497759 0.701658
8927 0.497704 0.701691
8928 0.497760 0.701725
8929 0.497704 0.701758
8930 0.497760 0.701792
8931 0.497705 0.701825
8932 0.497649 0.701747
8933 0.497705 0.701780
8934 0.497649 0.701813
8935 0.497594 0.701847
8936 0.497538 0.701768
8937 0.497482 0.701690
8938 0.497427 0.701611
8939 0.497483 0.701644
8940 0.497427 0.701678
8941 0.497484 0.701711
8942 0.497428 0.701633
8943 0.497484 0.701666
8944 0.497540 0.701699
8945 0.497485 0.701733
8946 0.497541 0.701654
8947 0.497597 0.701576
8948 0.497653 0.701609
8949 0.497709 0.701643
8950 0.497654 0.701676
8951 0.497598 0.701709
8952 0.497542 0.701743
8953 0.497487 0.701776
8954 0.497431 0.701809
8955 0.497376 0.701843
8956 0.497432 0.701876
8957 0.497376 0.701797
8958 0.497321 0.701719
8959 0.497377 0.701641
8960 0.497321 0.701674
8961 0.497266 0.701707
8962 0.497210 0.701741
8963 0.497155 0.701774
8964 0.497100 0.701807
8965 0.497156 0.701840
8966 0.497212 0.701762
8967 0.497156 0.701684
8968 0.497101 0.701717
8969 0.497045 0.701750
8970 0.496990 0.701784
8971 0.496935 0.701705
8972 0.496991 0.701739
8973 0.496935 0.701661
8974 0.496880 0.701582
8975 0.496936 0.701616
8976 0.496881 0.701649
8977 0.496825 0.701682
8978 0.496770 0.701604
8979 0.496826 0.701637
8980 0.496882 0.701559
8981 0.496938 0.701592
8982 0.496883 0.701514
8983 0.496939 0.701547
8984 0.496995 0.701581
8985 0.496939 0.701614
8986 0.496995 0.701536
8987 0.497051 0.701458
8988 0.497107 0.701380
8989 0.497052 0.701413
8990 0.496997 0.701446
8991 0.497053 0.701479
8992 0.496997 0.701512
8993 0.496942 0.701546
8994 0.496887 0.701579
8995 0.496832 0.701501
8996 0.496888 0.701534
8997 0.496832 0.701567
8998 0.496888 0.701600
8999 0.496833 0.701522
9000 0.496778 0.701556
9001 0.496834 0.701478
9002 0.496778 0.701511
9003 0.496723 0.701544
9004 0.496668 0.701577
9005 0.496613 0.701499
9006 0.496669 0.701532
9007 0.496725 0.701565
9008 0.496670 0.701599
9009 0.496614 0.701632
9010 0.496670 0.701665
9011 0.496615 0.701698
9012 0.496560 0.701731
9013 0.496616 0.701764
9014 0.496672 0.701686
9015 0.496728 0.701719
9016 0.496673 0.701752
9017 0.496728 0.701675
9018 0.496784 0.701597
9019 0.496840 0.701630
9020 0.496896 0.701552
9021 0.496952 0.701474
9022 0.497007 0.701507
9023 0.496952 0.701541
9024 0.496897 0.701463
9025 0.496953 0.701496
9026 0.496898 0.701418
9027 0.496843 0.701451
9028 0.496899 0.701484
9029 0.496844 0.701517
9030 0.496899 0.701550
9031 0.496844 0.701473
9032 0.496789 0.701506
9033 0.496734 0.701539
9034 0.496790 0.701572
9035 0.496735 0.701494
9036 0.496791 0.701417
9037 0.496846 0.701450
9038 0.496791 0.701483
9039 0.496847 0.701516
9040 0.496903 0.701549
9041 0.496958 0.701582
9042 0.496903 0.701615
9043 0.496959 0.701537
9044 0.497015 0.701570
9045 0.497070 0.701603
9046 0.497015 0.701636
9047 0.497071 0.701669
9048 0.497016 0.701702
9049 0.497071 0.701624
9050 0.497127 0.701547
9051 0.497072 0.701580
9052 0.497017 0.701613
9053 0.496962 0.701646
9054 0.497018 0.701679
9055 0.496963 0.701601
9056 0.496908 0.701634
9057 0.496853 0.701667
9058 0.496798 0.701700
9059 0.496854 0.701623
9060 0.496799 0.701545
9061 0.496744 0.701578
9062 0.496800 0.701501
9063 0.496745 0.701534
9064 0.496690 0.701567
9065 0.496635 0.701600
9066 0.496691 0.701632
9067 0.496636 0.701555
9068 0.496581 0.701588
9069 0.496527 0.701621
9070 0.496582 0.701654
9071 0.496527 0.701687
9072 0.496473 0.701720
9073 0.496528 0.701642
9074 0.496584 0.701675
9075 0.496639 0.701708
9076 0.496695 0.701631
9077 0.496640 0.701664
9078 0.496695 0.701696
9079 0.496641 0.701729
9080 0.496696 0.701652
9081 0.496641 0.701685
9082 0.496587 0.701718
9083 0.496642 0.701751
9084 0.496697 0.701783
9085 0.496643 0.701706
9086 0.496698 0.701739
9087 0.496644 0.701662
9088 0.496699 0.701695
9089 0.496644 0.701727
9090 0.496590 0.701760
9091 0.496535 0.701793
9092 0.496590 0.701826
9093 0.496646 0.701859
9094 0.496701 0.701781
9095 0.496647 0.701814
9096 0.496702 0.701847
9097 0.496757 0.701880
9098 0.496812 0.701913
9099 0.496868 0.701945
9100 0.496923 0.701868
9101 0.496868 0.701791
9102 0.496814 0.701824
9103 0.496759 0.701857
9104 0.496705 0.701889
9105 0.496650 0.701812
9106 0.496596 0.701845
9107 0.496651 0.701878
9108 0.496706 0.701910
9109 0.496761 0.701943
9110 0.496707 0.701976
9111 0.496652 0.701899
9112 0.496598 0.701932
9113 0.496543 0.701854
9114 0.496489 0.701777
9115 0.496544 0.701810
9116 0.496490 0.701733
9117 0.496545 0.701656
9118 0.496600 0.701579
9119 0.496655 0.701502
9120 0.496601 0.701425
9121 0.496656 0.701458
9122 0.496602 0.701491
9123 0.496657 0.701524
9124 0.496602 0.701556
9125 0.496548 0.701479
9126 0.496494 0.701512
9127 0.496439 0.701545
9128 0.496494 0.701578
9129 0.496440 0.701610
9130 0.496386 0.701533
9131 0.496331 0.701566
9132 0.496386 0.701599
9133 0.496332 0.701522
9134 0.496278 0.701445
9135 0.496333 0.701478
9136 0.496388 0.701511
9137 0.496443 0.701543
9138 0.496498 0.701466
9139 0.496553 0.701499
9140 0.496499 0.701532
9141 0.496445 0.701564
9142 0.496390 0.701597
9143 0.496445 0.701630
9144 0.496391 0.701662
9145 0.496337 0.701695
9146 0.496392 0.701728
9147 0.496447 0.701651
9148 0.496502 0.701683
9149 0.496557 0.701607
9150 0.496612 0.701639
9151 0.496667 0.701563
9152 0.496722 0.701486
9153 0.496777 0.701409
9154 0.496832 0.701442
9155 0.496887 0.701475
9156 0.496833 0.701507
9157 0.496778 0.701431
9158 0.496724 0.701463
9159 0.496779 0.701496
9160 0.496834 0.701528
9161 0.496780 0.701561
9162 0.496835 0.701484
9163 0.496781 0.701517
9164 0.496835 0.701550
9165 0.496890 0.701582
9166 0.496836 0.701615
9167 0.496891 0.701538
9168 0.496837 0.701462
9169 0.496892 0.701494
9170 0.496947 0.701527
9171 0.496892 0.701559
9172 0.496838 0.701483
9173 0.496784 0.701515
9174 0.496730 0.701439
9175 0.496676 0.701471
9176 0.496731 0.701395
9177 0.496785 0.701427
9178 0.496840 0.701460
9179 0.496786 0.701384
9180 0.496841 0.701416
9181 0.496896 0.701449
9182 0.496842 0.701481
9183 0.496896 0.701514
9184 0.496842 0.701546
9185 0.496897 0.701579
9186 0.496952 0.701502
9187 0.497007 0.701535
9188 0.496953 0.701567
9189 0.496898 0.701600
9190 0.496953 0.701632
9191 0.497008 0.701665
9192 0.497063 0.701697
9193 0.497009 0.701730
9194 0.496955 0.701653
9195 0.497009 0.701686
9196 0.496955 0.701609
9197 0.496901 0.701533
9198 0.496847 0.701566
9199 0.496902 0.701598
9200 0.496957 0.701630
9201 0.497011 0.701554
9202 0.497066 0.701587
9203 0.497121 0.701619
9204 0.497175 0.701651
9205 0.497121 0.701684
9206 0.497067 0.701716
9207 0.497122 0.701749
9208 0.497068 0.701781
9209 0.497014 0.701813
9210 0.496960 0.701846
9211 0.497014 0.701878
9212 0.496960 0.701802
9213 0.496907 0.701834
9214 0.496961 0.701758
9215 0.497016 0.701791
9216 0.497070 0.701823
9217 0.497016 0.701855
9218 0.496962 0.701888
9219 0.496909 0.701920
9220 0.496963 0.701844
9221 0.497018 0.701768
9222 0.497072 0.701800
9223 0.497018 0.701832
9224 0.497073 0.701865
9225 0.497127 0.701789
9226 0.497182 0.701821
9227 0.497128 0.701853
9228 0.497074 0.701886
9229 0.497020 0.701810
9230 0.497075 0.701842
9231 0.497021 0.701766
9232 0.496967 0.701798
9233 0.497022 0.701830
9234 0.497076 0.701754
9235 0.497022 0.701787
9236 0.497077 0.701711
9237 0.497131 0.701635
9238 0.497077 0.701667
9239 0.497132 0.701699
9240 0.497078 0.701623
9241 0.497132 0.701656
9242 0.497187 0.701688
9243 0.497241 0.701720
9244 0.497187 0.701752
9245 0.497134 0.701677
9246 0.497188 0.701709
9247 0.497242 0.701741
9248 0.497189 0.701773
9249 0.497243 0.701697
9250 0.497297 0.701622
9251 0.497244 0.701654
9252 0.497190 0.701686
9253 0.497136 0.701610
9254 0.497082 0.701534
9255 0.497029 0.701567
9256 0.497083 0.701491
9257 0.497137 0.701523
9258 0.497192 0.701555
9259 0.497246 0.701588
9260 0.497192 0.701620
9261 0.497247 0.701652
9262 0.497301 0.701576
9263 0.497247 0.701609
9264 0.497193 0.701641
9265 0.497248 0.701673
9266 0.497302 0.701597
9267 0.497356 0.701522
9268 0.497303 0.701446
9269 0.497357 0.701370
9270 0.497411 0.701402
9271 0.497465 0.701435
9272 0.497412 0.701359
9273 0.497358 0.701283
9274 0.497304 0.701316
9275 0.497251 0.701348
9276 0.497197 0.701380
9277 0.497251 0.701412
9278 0.497305 0.701444
9279 0.497252 0.701476
9280 0.497198 0.701509
9281 0.497252 0.701541
9282 0.497307 0.701573
9283 0.497253 0.701605
9284 0.497199 0.701530
9285 0.497146 0.701562
9286 0.497200 0.701486
9287 0.497254 0.701518
9288 0.497201 0.701550
9289 0.497147 0.701583
9290 0.497094 0.701507
9291 0.497148 0.701539
9292 0.497094 0.701571
9293 0.497041 0.701496
9294 0.497095 0.701528
9295 0.497149 0.701452
9296 0.497203 0.701485
9297 0.497257 0.701517
9298 0.497311 0.701549
9299 0.497258 0.701473
9300 0.497204 0.701505
9301 0.497151 0.701537
9302 0.497097 0.701570
9303 0.497044 0.701602
9304 0.496991 0.701634
9305 0.497045 0.701558
9306 0.496991 0.701590
9307 0.497045 0.701622
9308 0.497099 0.701654
9309 0.497046 0.701687
9310 0.496992 0.701719
9311 0.496939 0.701751
9312 0.496993 0.701675
9313 0.496940 0.701707
9314 0.496886 0.701739
9315 0.496940 0.701771
9316 0.496887 0.701803
9317 0.496834 0.701728
9318 0.496888 0.701760
9319 0.496942 0.701685
9320 0.496888 0.701609
9321 0.496835 0.701641
9322 0.496889 0.701566
9323 0.496943 0.701598
9324 0.496997 0.701630
9325 0.496944 0.701662
9326 0.496998 0.701694
9327 0.496944 0.701726
9328 0.496891 0.701758
9329 0.496838 0.701790
9330 0.496892 0.701822
9331 0.496946 0.701854
9332 0.496892 0.701886
9333 0.496839 0.701811
9334 0.496786 0.701843
9335 0.496840 0.701875
9336 0.496787 0.701907
9337 0.496733 0.701939
9338 0.496680 0.701970
9339 0.496734 0.702002
9340 0.496788 0.702034
9341 0.496842 0.702066
9342 0.496896 0.702098
9343 0.496843 0.702130
9344 0.496896 0.702162
9345 0.496843 0.702194
9346 0.496897 0.702226
9347 0.496844 0.702257
9348 0.496791 0.702182
9349 0.496845 0.702214
9350 0.496898 0.702246
9351 0.496845 0.702171
9352 0.496899 0.702203
9353 0.496953 0.702235
9354 0.497007 0.702266
9355 0.496954 0.702191
9356 0.496900 0.702223
9357 0.496847 0.702255
9358 0.496901 0.702287
9359 0.496848 0.702319
9360 0.496795 0.702350
9361 0.496742 0.702382
9362 0.496796 0.702414
9363 0.496742 0.702339
9364 0.496689 0.702264
9365 0.496743 0.702296
9366 0.496797 0.702328
9367 0.496744 0.702359
9368 0.496691 0.702391
9369 0.496638 0.702423
9370 0.496692 0.702455
9371 0.496639 0.702486
9372 0.496692 0.702518
9373 0.496639 0.702550
9374 0.496586 0.702582
9375 0.496533 0.702613
9376 0.496587 0.702645
9377 0.496641 0.702677
9378 0.496694 0.702602
9379 0.496641 0.702634
9380 0.496695 0.702559
9381 0.496642 0.702484
9382 0.496696 0.702409
9383 0.496749 0.702441
9384 0.496697 0.702472
9385 0.496644 0.702397
9386 0.496591 0.702323
9387 0.496644 0.702354
9388 0.496591 0.702386
9389 0.496645 0.702418
9390 0.496592 0.702449
9391 0.496539 0.702481
9392 0.496486 0.702406
9393 0.496434 0.702438
9394 0.496381 0.702470
9395 0.496328 0.702501
9396 0.496381 0.702533
9397 0.496435 0.702565
9398 0.496382 0.702596
9399 0.496329 0.702628
9400 0.496277 0.702660
9401 0.496330 0.702691
9402 0.496277 0.702616
9403 0.496225 0.702648
9404 0.496278 0.702680
9405 0.496225 0.702711
9406 0.496279 0.702637
9407 0.496333 0.702668
9408 0.496386 0.702700
9409 0.496333 0.702625
9410 0.496281 0.702657
9411 0.496334 0.702688
9412 0.496281 0.702720
9413 0.496335 0.702752
9414 0.496282 0.702677
9415 0.496229 0.702708
9416 0.496177 0.702740
9417 0.496124 0.702665
9418 0.496071 0.702697
9419 0.496125 0.702729
9420 0.496072 0.702760
9421 0.496126 0.702792
9422 0.496073 0.702823
9423 0.496126 0.702855
9424 0.496180 0.702886
9425 0.496127 0.702918
9426 0.496181 0.702949
9427 0.496128 0.702981
9428 0.496182 0.702906
9429 0.496129 0.702832
9430 0.496182 0.702863
9431 0.496236 0.702895
9432 0.496289 0.702820
9433 0.496343 0.702746
9434 0.496290 0.702777
9435 0.496343 0.702809
9436 0.496397 0.702840
9437 0.496344 0.702872
9438 0.496292 0.702903
9439 0.496239 0.702935
9440 0.496186 0.702966
9441 0.496240 0.702892
9442 0.496187 0.702923
9443 0.496241 0.702955
9444 0.496294 0.702986
9445 0.496241 0.702912
9446 0.496189 0.702943
9447 0.496136 0.702869
9448 0.496084 0.702900
9449 0.496137 0.702826
9450 0.496085 0.702857
9451 0.496138 0.702783
9452 0.496191 0.702708
9453 0.496139 0.702740
9454 0.496192 0.702771
9455 0.496140 0.702803
9456 0.496193 0.702834
9457 0.496246 0.702760
9458 0.496194 0.702686
9459 0.496247 0.702717
9460 0.496300 0.702748
9461 0.496248 0.702780
9462 0.496301 0.702811
9463 0.496354 0.702737
9464 0.496407 0.702768
9465 0.496461 0.702800
9466 0.496514 0.702831
9467 0.496461 0.702757
9468 0.496409 0.702788
9469 0.496357 0.702820
9470 0.496304 0.702851
9471 0.496252 0.702882
9472 0.496199 0.702914
9473 0.496147 0.702945
9474 0.496200 0.702977
9475 0.496253 0.703008
9476 0.496306 0.703039
9477 0.496254 0.702965
9478 0.496202 0.702996
9479 0.496149 0.703028
9480 0.496203 0.703059
9481 0.496150 0.703090
9482 0.496098 0.703016
9483 0.496151 0.703048
9484 0.496099 0.703079
9485 0.496046 0.703110
9486 0.496100 0.703141
9487 0.496047 0.703067
9488 0.495995 0.702993
9489 0.496048 0.703025
9490 0.496101 0.703056
9491 0.496154 0.703087
9492 0.496102 0.703013
9493 0.496155 0.703044
9494 0.496208 0.703076
9495 0.496261 0.703107
9496 0.496209 0.703138
9497 0.496157 0.703169
9498 0.496210 0.703201
9499 0.496157 0.703127
9500 0.496105 0.703158
9501 0.496158 0.703084
9502 0.496211 0.703010
9503 0.496264 0.703041
9504 0.496212 0.703072
9505 0.496160 0.703104
9506 0.496213 0.703030
9507 0.496266 0.702956
9508 0.496319 0.702987
9509 0.496267 0.703018
9510 0.496215 0.703049
9511 0.496267 0.703081
9512 0.496215 0.703007
9513 0.496268 0.703038
9514 0.496321 0.703069
9515 0.496269 0.703100
9516 0.496217 0.703132
9517 0.496270 0.703163
9518 0.496218 0.703089
9519 0.496166 0.703120
9520 0.496113 0.703046
9521 0.496166 0.702972
9522 0.496219 0.702899
9523 0.496167 0.702930
9524 0.496220 0.702856
9525 0.496168 0.702887
9526 0.496116 0.702918
9527 0.496064 0.702845
9528 0.496012 0.702876
9529 0.495960 0.702907
9530 0.496013 0.702833
9531 0.496065 0.702864
9532 0.496013 0.702896
9533 0.495961 0.702822
9534 0.496014 0.702748
9535 0.496067 0.702779
9536 0.496120 0.702810
9537 0.496173 0.702842
9538 0.496121 0.702768
9539 0.496174 0.702799
9540 0.496226 0.702830
9541 0.496279 0.702861
9542 0.496227 0.702892
9543 0.496280 0.702924
9544 0.496228 0.702955
9545 0.496281 0.702986
9546 0.496334 0.703017
9547 0.496386 0.703048
9548 0.496334 0.703079
9549 0.496282 0.703006
9550 0.496230 0.702932
9551 0.496283 0.702963
9552 0.496336 0.702994
9553 0.496284 0.703025
9554 0.496232 0.703056
9555 0.496180 0.703087
9556 0.496233 0.703118
9557 0.496181 0.703045
9558 0.496234 0.702971
9559 0.496286 0.703002
9560 0.496234 0.702929
9561 0.496182 0.702960
9562 0.496235 0.702991
9563 0.496183 0.703022
9564 0.496131 0.703053
9565 0.496184 0.703084
9566 0.496237 0.703011
9567 0.496185 0.702937
9568 0.496237 0.702864
9569 0.496290 0.702790
9570 0.496238 0.702717
9571 0.496186 0.702748
9572 0.496135 0.702674
9573 0.496187 0.702601
9574 0.496135 0.702632
9575 0.496188 0.702663
9576 0.496241 0.702694
9577 0.496189 0.702725
9578 0.496241 0.702756
9579 0.496190 0.702683
9580 0.496138 0.702610
9581 0.496190 0.702641
9582 0.496243 0.702567
9583 0.496191 0.702494
9584 0.496244 0.702525
9585 0.496192 0.702452
9586 0.496140 0.702378
9587 0.496088 0.702410
9588 0.496037 0.702441
9589 0.496089 0.702367
9590 0.496038 0.702294
9591 0.495986 0.702325
9592 0.496038 0.702252
9593 0.496091 0.702179
9594 0.496143 0.702210
9595 0.496092 0.702241
9596 0.496144 0.702272
9597 0.496093 0.702303
9598 0.496145 0.702230
9599 0.496093 0.702156
9600 0.496146 0.702187
9601 0.496198 0.702219
9602 0.496147 0.702145
9603 0.496095 0.702176
9604 0.496147 0.702207
9605 0.496096 0.702238
9606 0.496044 0.702269
9607 0.495993 0.702300
9608 0.495941 0.702331
9609 0.495993 0.702258
9610 0.496046 0.702185
9611 0.496098 0.702216
9612 0.496047 0.702247
9613 0.495995 0.702278
9614 0.496047 0.702205
9615 0.495996 0.702236
9616 0.496048 0.702163
9617 0.496101 0.702090
9618 0.496153 0.702121
9619 0.496205 0.702152
9620 0.496258 0.702183
9621 0.496310 0.702214
9622 0.496363 0.702141
9623 0.496415 0.702068
9624 0.496467 0.702099
9625 0.496519 0.702130
9626 0.496572 0.702161
9627 0.496520 0.702088
9628 0.496469 0.702119
9629 0.496417 0.702150
9630 0.496366 0.702181
9631 0.496418 0.702108
9632 0.496470 0.702139
9633 0.496522 0.702170
9634 0.496471 0.702201
9635 0.496523 0.702231
9636 0.496575 0.702262
9637 0.496628 0.702293
9638 0.496576 0.702324
9639 0.496525 0.702355
9640 0.496577 0.702282
9641 0.496525 0.702209
9642 0.496577 0.702136
9643 0.496526 0.702167
9644 0.496578 0.702198
9645 0.496527 0.702229
9646 0.496579 0.702156
9647 0.496527 0.702187
9648 0.496476 0.702114
9649 0.496424 0.702042
9650 0.496477 0.702073
9651 0.496529 0.702103
9652 0.496581 0.702134
9653 0.496633 0.702165
9654 0.496582 0.702196
9655 0.496530 0.702123
9656 0.496479 0.702154
9657 0.496427 0.702185
9658 0.496376 0.702112
9659 0.496428 0.702040
9660 0.496480 0.702070
9661 0.496429 0.702101
9662 0.496481 0.702029
9663 0.496533 0.701956
9664 0.496585 0.701883
9665 0.496637 0.701914
9666 0.496689 0.701945
9667 0.496638 0.701872
9668 0.496587 0.701800
9669 0.496535 0.701831
9670 0.496484 0.701861
9671 0.496433 0.701789
9672 0.496485 0.701820
9673 0.496537 0.701851
9674 0.496589 0.701881
9675 0.496641 0.701912
9676 0.496589 0.701943
9677 0.496538 0.701974
9678 0.496590 0.702005
9679 0.496642 0.701932
9680 0.496694 0.701963
9681 0.496746 0.701994
9682 0.496695 0.701921
9683 0.496644 0.701952
9684 0.496696 0.701879
9685 0.496644 0.701910
9686 0.496696 0.701941
9687 0.496748 0.701868
9688 0.496800 0.701899
9689 0.496749 0.701930
9690 0.496801 0.701961
9691 0.496853 0.701888
9692 0.496905 0.701816
9693 0.496853 0.701847
9694 0.496802 0.701877
9695 0.496751 0.701908
9696 0.496700 0.701939
9697 0.496648 0.701970
9698 0.496597 0.702000
9699 0.496546 0.702031
9700 0.496495 0.701959
9701 0.496444 0.701989
9702 0.496496 0.702020
9703 0.496444 0.701948
9704 0.496496 0.701979
9705 0.496548 0.702009
9706 0.496600 0.702040
9707 0.496549 0.701968
9708 0.496498 0.701998
9709 0.496447 0.701926
9710 0.496498 0.701957
9711 0.496447 0.701987
9712 0.496499 0.702018
9713 0.496551 0.702049
9714 0.496603 0.702079
9715 0.496552 0.702110
9716 0.496501 0.702141
9717 0.496552 0.702171
9718 0.496604 0.702202
9719 0.496656 0.702130
9720 0.496605 0.702058
9721 0.496657 0.702088
9722 0.496606 0.702119
9723 0.496657 0.702150
9724 0.496709 0.702180
9725 0.496658 0.702211
9726 0.496607 0.702241
9727 0.496556 0.702272
9728 0.496608 0.702303
9729 0.496659 0.702333
9730 0.496608 0.702364
9731 0.496557 0.702292
9732 0.496609 0.702322
9733 0.496661 0.702353
9734 0.496713 0.702281
9735 0.496662 0.702311
9736 0.496611 0.702342
9737 0.496662 0.702372
9738 0.496714 0.702403
9739 0.496766 0.702434
9740 0.496715 0.702464
9741 0.496664 0.702495
9742 0.496613 0.702423
9743 0.496664 0.702350
9744 0.496613 0.702381
9745 0.496562 0.702411
9746 0.496614 0.702442
9747 0.496563 0.702473
9748 0.496512 0.702400
9749 0.496564 0.702328
9750 0.496513 0.702359
9751 0.496462 0.702389
9752 0.496514 0.702420
9753 0.496565 0.702451
9754 0.496617 0.702481
9755 0.496668 0.702512
9756 0.496617 0.702542
9757 0.496567 0.702470
9758 0.496516 0.702501
9759 0.496567 0.702429
9760 0.496516 0.702459
9761 0.496568 0.702489
9762 0.496517 0.702520
9763 0.496569 0.702550
9764 0.496518 0.702581
9765 0.496467 0.702611
9766 0.496416 0.702642
9767 0.496468 0.702672
9768 0.496519 0.702703
9769 0.496468 0.702733
9770 0.496418 0.702764
9771 0.496367 0.702794
9772 0.496418 0.702824
9773 0.496368 0.702855
9774 0.496419 0.702783
9775 0.496368 0.702813
9776 0.496420 0.702844
9777 0.496369 0.702772
9778 0.496421 0.702802
9779 0.496472 0.702833
9780 0.496524 0.702863
9781 0.496575 0.702893
9782 0.496626 0.702822
9783 0.496576 0.702852
9784 0.496627 0.702882
9785 0.496679 0.702913
9786 0.496730 0.702943
9787 0.496781 0.702871
9788 0.496833 0.702902
9789 0.496782 0.702932
9790 0.496731 0.702860
9791 0.496783 0.702890
9792 0.496834 0.702921
9793 0.496783 0.702849
9794 0.496835 0.702879
9795 0.496784 0.702808
9796 0.496733 0.702838
9797 0.496683 0.702766
9798 0.496632 0.702796
9799 0.496581 0.702725
9800 0.496633 0.702755
9801 0.496684 0.702785
9802 0.496633 0.702714
9803 0.496583 0.702744
9804 0.496634 0.702774
9805 0.496685 0.702805
9806 0.496737 0.702733
9807 0.496788 0.702763
9808 0.496737 0.702794
9809 0.496687 0.702722
9810 0.496738 0.702752
9811 0.496789 0.702783
9812 0.496739 0.702711
9813 0.496790 0.702741
9814 0.496739 0.702670
9815 0.496689 0.702700
9816 0.496638 0.702730
9817 0.496588 0.702659
9818 0.496537 0.702689
9819 0.496588 0.702719
9820 0.496538 0.702749
9821 0.496589 0.702780
9822 0.496640 0.702708
9823 0.496691 0.702738
9824 0.496743 0.702769
9825 0.496692 0.702697
9826 0.496743 0.702727
9827 0.496693 0.702656
9828 0.496642 0.702686
9829 0.496592 0.702716
9830 0.496541 0.702645
9831 0.496592 0.702675
9832 0.496542 0.702705
9833 0.496491 0.702736
9834 0.496543 0.702664
9835 0.496594 0.702694
9836 0.496543 0.702725
9837 0.496594 0.702755
9838 0.496646 0.702785
9839 0.496697 0.702815
9840 0.496646 0.702846
9841 0.496596 0.702876
9842 0.496545 0.702804
9843 0.496495 0.702835
9844 0.496445 0.702865
9845 0.496496 0.702895
9846 0.496445 0.702823
9847 0.496496 0.702854
9848 0.496446 0.702782
9849 0.496396 0.702812
9850 0.496447 0.702741
9851 0.496498 0.702670
9852 0.496447 0.702598
9853 0.496499 0.702629
9854 0.496448 0.702557
9855 0.496398 0.702486
9856 0.496449 0.702415
9857 0.496500 0.702445
9858 0.496551 0.702475
9859 0.496602 0.702505
9860 0.496552 0.702535
9861 0.496501 0.702464
9862 0.496451 0.702393
9863 0.496502 0.702322
9864 0.496553 0.702352
9865 0.496604 0.702382
9866 0.496655 0.702412
9867 0.496605 0.702442
9868 0.496656 0.702473
9869 0.496707 0.702401
9870 0.496758 0.702432
9871 0.496708 0.702462
9872 0.496657 0.702492
9873 0.496607 0.702522
9874 0.496557 0.702552
9875 0.496608 0.702582
9876 0.496557 0.702511
9877 0.496608 0.702541
9878 0.496659 0.702571
9879 0.496609 0.702601
9880 0.496660 0.702632
9881 0.496610 0.702662
9882 0.496661 0.702692
9883 0.496610 0.702722
9884 0.496560 0.702752
9885 0.496611 0.702782
9886 0.496561 0.702711
9887 0.496511 0.702741
9888 0.496561 0.702771
9889 0.496511 0.702801
9890 0.496562 0.702730
9891 0.496512 0.702760
9892 0.496563 0.702790
9893 0.496614 0.702719
9894 0.496665 0.702749
9895 0.496614 0.702779
9896 0.496564 0.702809
9897 0.496615 0.702839
9898 0.496565 0.702869
9899 0.496515 0.702798
9900 0.496465 0.702727
9901 0.496516 0.702757
9902 0.496566 0.702787
9903 0.496516 0.702817
9904 0.496466 0.702746
9905 0.496517 0.702776
9906 0.496467 0.702806
9907 0.496417 0.702836
9908 0.496468 0.702866
9909 0.496518 0.702896
9910 0.496468 0.702926
9911 0.496519 0.702855
9912 0.496469 0.702885
9913 0.496520 0.702915
9914 0.496571 0.702945
9915 0.496621 0.702975
9916 0.496571 0.703005
9917 0.496521 0.702934
9918 0.496471 0.702964
9919 0.496421 0.702994
9920 0.496371 0.703024
9921 0.496422 0.703054
9922 0.496372 0.703084
9923 0.496322 0.703114
9924 0.496272 0.703144
9925 0.496222 0.703174
9926 0.496172 0.703204
9927 0.496122 0.703234
9928 0.496072 0.703263
9929 0.496022 0.703293
9930 0.496073 0.703323
9931 0.496123 0.703353
9932 0.496174 0.703282
9933 0.496124 0.703312
9934 0.496074 0.703342
9935 0.496024 0.703271
9936 0.496075 0.703200
9937 0.496025 0.703230
9938 0.495975 0.703260
9939 0.495925 0.703189
9940 0.495976 0.703219
9941 0.495926 0.703249
9942 0.495876 0.703178
9943 0.495826 0.703208
9944 0.495776 0.703138
9945 0.495726 0.703067
9946 0.495777 0.702996
9947 0.495727 0.703026
9948 0.495778 0.702955
9949 0.495829 0.702885
9950 0.495779 0.702814
9951 0.495830 0.702844
9952 0.495780 0.702874
9953 0.495730 0.702803
9954 0.495680 0.702733
9955 0.495731 0.702662
9956 0.495781 0.702692
9957 0.495832 0.702722
9958 0.495883 0.702752
9959 0.495933 0.702781
9960 0.495884 0.702811
9961 0.495934 0.702841
9962 0.495884 0.702871
9963 0.495835 0.702901
9964 0.495885 0.702931
9965 0.495936 0.702960
9966 0.495886 0.702990
9967 0.495937 0.703020
9968 0.495887 0.703050
9969 0.495937 0.703080
9970 0.495888 0.703109
9971 0.495838 0.703139
9972 0.495788 0.703069
9973 0.495839 0.702998
9974 0.495889 0.703028
9975 0.495940 0.702957
9976 0.495990 0.702887
9977 0.495941 0.702917
9978 0.495991 0.702946
9979 0.496042 0.702976
9980 0.496092 0.702906
9981 0.496143 0.702835
9982 0.496193 0.702865
9983 0.496143 0.702895
9984 0.496194 0.702925
9985 0.496244 0.702954
9986 0.496295 0.702984
9987 0.496245 0.703014
9988 0.496296 0.702944
9989 0.496246 0.702873
9990 0.496196 0.702803
9991 0.496147 0.702833
9992 0.496097 0.702862
9993 0.496047 0.702892
9994 0.495998 0.702922
9995 0.495948 0.702951
9996 0.495898 0.702981
9997 0.495949 0.703011
9998 0.495999 0.703041
9999 0.496050 0.702970
10000 0.496000 0.703000
